datum,temp_jonkoping,temp_stockholm,temp_goteborg,temp_malmo,vind_falsterbo,vind_vaderoarna,vind_hoburg,vind_sundsvall,vind_ostersund
2022-10-01,9.6,11.5,11.3,11.4,9.62,10.52,6.81,2.33,4.96
2022-10-02,9.7,11.3,12.1,13.3,10.71,5.15,5.54,1.09,2.42
2022-10-03,8.5,9.9,10.3,12.9,9.67,4.91,5.85,2.46,3.17
2022-10-04,7.9,10.6,11.7,12.2,6.39,8.14,6.73,2.96,4.33
2022-10-05,12.8,14.0,14.8,14.4,8.37,12.09,8.36,3.21,4.5
2022-10-06,10.9,13.5,13.3,14.1,11.76,16.15,10.72,2.25,3.92
2022-10-07,11.8,13.3,14.2,13.4,9.92,14.2,10.58,2.71,4.88
2022-10-08,9.2,11.6,12.2,13.0,9.03,10.15,7.94,2.88,6.96
2022-10-09,7.6,9.1,11.5,11.0,6.75,9.6,5.88,1.08,5.08
2022-10-10,9.7,10.9,11.6,12.1,9.54,13.0,7.68,3.79,6.5
2022-10-11,8.1,9.6,11.6,11.6,9.77,13.12,8.33,3.46,7.12
2022-10-12,6.5,7.5,12.5,10.6,6.32,7.08,5.46,1.46,4.75
2022-10-13,9.0,10.5,12.1,11.2,6.18,9.14,5.23,1.96,2.88
2022-10-14,9.3,10.6,11.8,12.1,4.54,8.74,3.98,1.46,3.83
2022-10-15,11.2,12.3,13.3,12.9,6.06,9.36,5.6,2.75,5.29
2022-10-16,10.4,11.4,12.1,13.9,8.74,12.14,8.67,2.0,1.79
2022-10-17,8.8,10.7,12.0,12.0,5.8,8.1,6.96,1.92,3.46
2022-10-18,9.6,8.1,11.9,13.1,8.55,7.82,7.82,2.58,4.12
2022-10-19,2.4,5.5,5.9,6.6,5.35,4.61,6.71,2.96,7.33
2022-10-20,2.6,5.9,7.1,5.4,7.55,7.02,4.28,1.83,3.67
2022-10-21,4.8,7.7,8.6,10.8,5.28,7.4,5.1,1.83,3.0
2022-10-22,7.5,8.7,9.8,12.5,3.46,3.15,3.22,1.62,3.88
2022-10-23,9.6,5.9,12.0,12.1,5.53,3.23,3.27,1.75,2.83
2022-10-24,9.8,8.4,11.8,14.2,6.53,9.27,4.4,1.71,5.42
2022-10-25,11.2,11.8,12.9,13.5,7.93,6.92,5.65,2.62,4.29
2022-10-26,9.6,8.8,12.3,12.0,4.83,6.68,5.67,1.75,1.88
2022-10-27,11.9,11.5,13.5,13.6,5.0,8.29,4.49,1.21,4.0
2022-10-28,12.3,12.4,13.5,14.2,4.63,6.67,4.66,1.38,3.21
2022-10-29,11.2,13.2,12.8,12.7,6.76,12.0,7.49,3.83,8.21
2022-10-30,9.0,6.9,13.8,13.1,3.41,4.47,3.88,2.79,2.5
2022-10-31,10.6,9.7,13.0,12.6,2.7,6.35,2.45,1.17,1.17
2022-11-01,8.6,9.3,12.1,12.1,7.2,9.26,3.31,1.21,4.0
2022-11-02,8.6,10.6,11.8,11.4,9.63,10.53,4.65,1.83,5.29
2022-11-03,8.3,8.6,11.0,10.6,9.28,13.42,5.77,2.88,5.92
2022-11-04,8.3,8.8,10.6,10.4,7.4,11.86,9.19,4.38,5.42
2022-11-05,7.2,8.3,10.7,9.4,8.68,12.39,6.21,7.79,6.04
2022-11-06,8.4,8.5,11.2,10.1,10.3,10.73,8.09,1.88,2.79
2022-11-07,8.2,9.6,10.5,10.8,10.53,12.25,9.18,1.38,1.83
2022-11-08,10.2,7.8,12.5,12.4,8.08,8.0,7.23,2.55,3.12
2022-11-09,9.7,10.3,12.2,12.7,7.42,10.08,6.6,,3.04
2022-11-10,9.0,9.2,11.5,11.4,9.46,11.98,6.54,1.78,3.42
2022-11-11,11.8,13.4,13.7,12.5,9.01,17.46,9.51,1.25,3.46
2022-11-12,11.5,12.7,12.8,12.9,6.45,8.54,6.52,4.58,7.17
2022-11-13,9.0,7.4,11.9,10.9,4.49,2.15,2.51,1.33,2.33
2022-11-14,6.0,7.1,9.4,9.7,7.76,4.66,3.43,1.71,1.08
2022-11-15,6.0,5.6,8.3,9.2,8.97,10.63,4.33,1.71,1.83
2022-11-16,3.9,3.7,6.2,7.7,14.53,12.03,6.86,2.88,3.21
2022-11-17,2.4,1.0,4.6,5.4,14.69,10.22,5.06,3.21,1.17
2022-11-18,1.2,1.4,3.2,2.4,6.98,8.95,6.2,4.29,1.12
2022-11-19,-0.4,0.0,2.1,0.6,7.98,10.6,5.13,5.25,1.04
2022-11-20,-1.2,-0.1,0.2,-2.7,4.07,10.23,3.57,4.33,1.25
2022-11-21,-2.1,0.0,-0.4,-0.5,6.3,10.32,5.67,3.54,2.12
2022-11-22,-0.3,1.8,1.1,1.9,10.14,9.61,6.3,2.33,3.71
2022-11-23,1.3,1.8,4.1,5.7,8.25,12.73,5.6,3.46,5.21
2022-11-24,1.9,2.5,5.3,6.0,4.73,10.92,4.03,2.54,5.67
2022-11-25,2.0,2.2,5.2,6.4,6.06,10.16,2.28,1.08,5.54
2022-11-26,1.7,2.0,5.7,6.2,3.65,8.69,1.94,0.88,6.21
2022-11-27,3.2,1.5,6.8,7.1,6.24,9.67,1.95,0.71,6.33
2022-11-28,3.4,3.4,6.6,6.2,10.55,10.8,3.53,1.17,5.21
2022-11-29,2.8,3.4,4.9,4.0,7.45,8.1,5.31,0.92,3.88
2022-11-30,1.3,2.7,3.3,3.6,4.67,4.32,4.08,1.05,2.21
2022-12-01,1.3,2.9,2.8,3.0,3.82,5.38,3.45,1.46,0.92
2022-12-02,1.1,1.6,3.1,3.2,4.54,6.78,3.4,2.25,2.08
2022-12-03,-0.9,-1.2,1.2,1.4,5.98,7.02,4.11,4.5,1.38
2022-12-04,-1.2,-2.0,0.9,1.9,5.52,8.32,4.48,3.08,1.08
2022-12-05,-0.6,-1.0,1.4,3.2,4.95,5.36,5.33,0.83,2.46
2022-12-06,-2.6,-2.9,-2.0,1.8,4.78,4.5,2.12,1.83,6.0
2022-12-07,-4.0,-4.7,-2.9,-0.4,6.12,5.06,5.48,2.0,4.75
2022-12-08,-7.5,-6.2,-1.3,-4.5,3.37,5.67,4.49,4.83,3.75
2022-12-09,-3.1,-4.5,-0.8,-0.6,6.32,6.52,5.39,5.12,2.75
2022-12-10,-5.6,-3.8,-4.8,0.8,4.92,5.02,3.2,4.88,3.29
2022-12-11,-6.3,-5.5,-5.4,-4.5,3.79,5.25,4.48,2.58,2.96
2022-12-12,-5.7,-3.2,-4.6,-6.4,7.06,7.06,9.27,5.54,3.79
2022-12-13,-8.9,-7.5,-6.7,-3.1,8.29,7.2,10.38,4.96,1.71
2022-12-14,-3.5,-6.7,-1.2,0.5,9.96,5.65,9.49,2.38,0.92
2022-12-15,-7.1,-9.0,-9.1,-3.1,5.15,2.31,2.79,1.75,1.21
2022-12-16,-10.3,-9.3,-7.5,-10.4,3.22,6.67,2.33,1.67,1.58
2022-12-17,-6.5,-3.4,1.0,-6.6,6.95,14.42,3.47,1.25,0.83
2022-12-18,-0.2,0.6,3.2,-0.8,10.79,11.61,11.16,1.29,4.04
2022-12-19,-2.2,1.6,0.5,0.6,9.6,10.17,8.78,1.29,3.83
2022-12-20,3.4,3.0,6.5,5.6,7.77,9.96,6.91,1.29,2.96
2022-12-21,3.6,4.8,5.3,4.7,5.22,10.55,6.01,1.08,1.29
2022-12-22,3.5,3.4,5.7,5.0,6.3,9.55,5.73,0.83,1.62
2022-12-23,-1.6,-1.6,0.1,3.5,5.56,4.06,6.19,1.58,2.54
2022-12-24,-8.9,-5.1,-4.4,-1.7,3.97,4.77,1.74,1.0,3.21
2022-12-25,-1.8,-2.6,2.3,3.9,6.06,9.88,5.22,1.25,5.17
2022-12-26,2.0,2.2,5.0,5.4,6.66,13.43,8.72,5.71,6.67
2022-12-27,1.3,1.8,4.4,3.7,11.05,14.12,10.95,3.12,5.0
2022-12-28,0.5,-0.9,3.1,4.9,9.89,7.22,6.9,1.5,4.42
2022-12-29,4.7,4.3,7.0,7.5,10.02,12.1,7.41,4.25,6.83
2022-12-30,3.8,4.6,5.9,6.1,10.52,12.78,8.19,2.08,4.29
2022-12-31,5.5,5.9,7.1,8.3,7.9,14.82,8.42,4.5,7.33
2023-01-01,1.3,0.8,3.7,9.2,9.32,6.15,2.78,2.0,3.79
2023-01-02,4.4,3.6,5.8,7.5,6.85,5.38,5.1,2.96,1.58
2023-01-03,-3.0,-1.5,1.3,4.8,8.69,4.55,7.18,2.58,2.88
2023-01-04,-0.4,-3.3,2.9,6.2,9.45,13.11,6.1,3.0,1.38
2023-01-05,-1.5,-3.0,1.1,4.0,9.01,9.1,7.78,2.83,2.12
2023-01-06,-3.5,-4.1,0.3,3.9,9.26,12.43,8.73,5.79,7.21
2023-01-07,0.9,-0.2,5.4,6.0,6.02,7.8,7.74,6.83,6.88
2023-01-08,3.5,3.3,6.9,6.9,6.66,11.15,8.87,7.71,7.29
2023-01-09,3.2,3.8,6.0,5.5,5.33,7.58,6.94,4.0,5.88
2023-01-10,3.5,3.1,6.4,5.7,7.44,6.81,5.92,3.21,5.46
2023-01-11,3.9,4.8,6.5,6.0,9.41,15.3,9.3,4.67,6.46
2023-01-12,3.0,4.0,5.3,6.4,9.3,9.1,8.38,3.58,5.3
2023-01-13,4.0,3.8,6.3,6.7,10.7,8.2,7.2,1.88,1.46
2023-01-14,3.5,3.9,5.7,6.0,10.96,6.72,9.52,2.67,1.38
2023-01-15,2.4,4.1,5.5,5.6,13.81,13.67,12.08,3.33,2.5
2023-01-16,1.9,2.8,4.6,4.4,9.85,10.44,9.93,2.71,2.21
2023-01-17,1.3,2.4,3.7,3.3,11.1,11.4,9.08,3.25,4.5
2023-01-18,-0.4,2.3,3.3,1.3,7.84,8.6,4.83,4.29,3.92
2023-01-19,-1.5,0.2,1.0,2.0,9.91,6.58,5.19,0.88,1.71
2023-01-20,-0.3,1.1,1.6,1.8,4.15,5.5,3.38,0.83,2.08
2023-01-21,-1.7,-1.6,0.5,-0.7,4.63,2.17,4.45,0.96,2.17
2023-01-22,-5.5,-4.7,-2.6,0.1,4.44,2.69,4.92,0.73,0.79
2023-01-23,-5.1,-4.8,-0.8,1.4,2.8,8.65,2.93,1.0,1.67
2023-01-24,-0.2,1.3,3.2,1.6,4.14,13.33,7.26,1.0,3.83
2023-01-25,1.2,5.2,4.3,0.7,7.17,12.86,8.62,0.87,5.65
2023-01-26,1.4,2.5,2.6,3.1,5.31,7.56,5.29,2.21,4.75
2023-01-27,-4.2,-1.7,-1.0,-1.0,2.48,6.43,3.44,1.0,3.83
2023-01-28,0.3,0.8,3.4,0.2,7.88,9.22,7.18,1.29,6.29
2023-01-29,3.0,2.5,5.2,4.4,9.62,14.49,8.58,1.46,5.12
2023-01-30,2.9,4.1,5.6,4.8,12.4,14.18,11.14,4.25,6.12
2023-01-31,-0.1,0.9,3.6,3.2,11.3,10.19,8.26,3.0,5.21
2023-02-01,1.8,-1.0,5.2,4.7,10.94,10.03,5.91,2.46,1.29
2023-02-02,-3.7,-3.1,-0.6,1.7,8.34,4.38,6.35,2.58,0.79
2023-02-03,-2.2,-3.2,0.4,2.6,10.5,9.59,5.54,3.54,1.58
2023-02-04,-8.2,-4.4,-4.0,-2.4,3.95,5.29,6.56,1.58,1.88
2023-02-05,-4.4,-2.7,0.4,0.0,6.94,5.58,5.7,3.33,3.88
2023-02-06,-3.2,-1.8,-0.1,-1.3,3.52,6.82,5.13,1.0,3.29
2023-02-07,0.0,1.8,3.4,-0.6,5.54,11.06,5.41,1.0,2.58
2023-02-08,0.9,4.0,3.9,1.7,7.79,10.85,8.89,2.21,7.17
2023-02-09,0.7,2.3,4.7,1.6,11.0,16.0,11.72,3.54,7.21
2023-02-10,0.8,1.4,4.4,4.9,8.91,13.31,9.75,4.5,6.62
2023-02-11,2.9,-0.7,7.1,7.3,8.62,7.12,7.27,2.46,2.96
2023-02-12,2.6,0.9,6.3,5.9,5.62,8.33,6.25,2.17,5.67
2023-02-13,2.9,4.6,6.5,7.2,6.54,6.38,6.23,3.88,6.83
2023-02-14,1.3,4.0,4.0,4.4,3.68,6.19,4.1,1.33,2.62
2023-02-15,0.2,2.2,3.1,3.3,4.65,6.99,4.65,1.04,1.67
2023-02-16,2.6,2.8,5.2,4.0,4.56,8.2,4.84,0.88,2.96
2023-02-17,4.1,4.1,6.3,6.8,12.25,12.04,8.09,1.71,4.12
2023-02-18,1.9,2.4,5.0,5.3,11.14,11.42,11.43,4.25,6.25
2023-02-19,-1.1,0.3,2.3,4.1,8.82,8.4,9.7,5.25,7.38
2023-02-20,4.1,0.6,7.0,6.7,11.76,13.81,9.24,2.62,4.38
2023-02-21,1.4,-1.3,4.5,5.8,8.45,7.69,4.85,2.79,2.12
2023-02-22,-2.5,-2.1,2.0,2.5,8.21,9.15,2.15,3.08,6.54
2023-02-23,0.4,-0.1,3.5,4.1,6.12,6.9,6.79,1.5,3.88
2023-02-24,0.2,-0.5,1.9,3.6,7.97,10.17,2.56,2.08,3.25
2023-02-25,-3.3,-1.5,0.0,0.3,12.25,11.65,7.48,4.5,4.5
2023-02-26,-2.4,-1.2,1.1,0.7,7.42,6.78,6.62,3.12,4.75
2023-02-27,-0.6,3.3,3.8,1.8,2.32,3.45,2.65,4.67,6.96
2023-02-28,0.2,3.7,1.5,2.2,3.06,2.67,4.39,4.75,7.21
2023-03-01,-1.2,3.9,2.6,1.9,3.19,5.37,4.27,4.25,7.0
2023-03-02,1.1,4.5,2.9,2.2,3.37,3.82,5.05,7.21,11.38
2023-03-03,1.9,3.4,3.0,1.7,6.65,6.68,7.02,7.67,9.58
2023-03-04,-0.9,-0.1,2.1,3.1,8.45,9.78,12.7,6.67,8.79
2023-03-05,-2.4,-1.6,-0.6,1.0,6.61,8.76,7.41,3.42,4.33
2023-03-06,-5.1,-3.4,-1.7,-2.1,3.36,4.38,5.19,2.12,2.04
2023-03-07,-3.6,-2.8,-1.7,1.1,15.07,11.98,7.65,2.29,2.79
2023-03-08,-6.7,-3.0,-3.5,-0.6,5.6,6.97,11.34,4.21,2.04
2023-03-09,-6.3,-2.8,-0.8,-2.4,4.33,6.04,4.26,3.61,1.74
2023-03-10,-2.9,-1.3,-3.0,0.5,5.16,7.25,6.06,2.21,1.92
2023-03-11,-3.6,-3.7,-1.7,1.8,8.66,7.36,6.25,1.62,2.62
2023-03-12,-4.2,-3.1,0.0,2.2,8.68,8.49,8.5,1.88,1.71
2023-03-13,2.2,-0.1,4.5,7.1,9.82,11.6,9.02,4.29,5.29
2023-03-14,3.0,3.7,3.9,5.8,8.88,7.11,9.2,2.21,5.17
2023-03-15,-0.1,1.1,3.0,3.6,8.49,6.5,7.48,1.92,4.96
2023-03-16,-1.5,0.6,1.1,3.1,7.09,8.96,4.49,1.62,4.33
2023-03-17,2.4,1.9,4.3,5.6,7.15,15.81,8.77,7.12,8.79
2023-03-18,4.1,3.3,6.2,7.0,4.33,3.71,6.74,2.96,4.88
2023-03-19,5.0,4.4,7.4,5.8,4.96,4.85,1.68,2.5,4.33
2023-03-20,5.1,4.0,6.1,6.3,5.41,5.48,4.4,1.38,3.21
2023-03-21,3.9,2.7,5.7,4.1,4.19,5.9,4.28,2.0,3.25
2023-03-22,7.0,6.0,7.5,8.1,6.82,9.17,7.27,1.62,3.5
2023-03-23,6.1,7.6,7.1,9.0,7.06,8.52,6.68,1.88,3.92
2023-03-24,6.0,6.5,7.6,9.0,8.85,7.72,7.8,1.96,2.17
2023-03-25,5.7,0.3,6.9,8.0,6.4,6.89,6.17,3.25,2.0
2023-03-26,-1.8,-1.0,0.8,4.9,8.89,6.39,3.77,4.08,1.21
2023-03-27,-4.7,-3.5,0.0,0.7,7.32,4.93,9.2,6.29,2.46
2023-03-28,-2.3,-2.8,0.4,1.6,7.01,5.77,9.31,5.42,2.17
2023-03-29,-0.4,-2.7,2.9,5.0,5.65,8.11,5.39,2.87,0.96
2023-03-30,-1.1,-2.1,1.7,7.2,5.92,10.82,5.42,2.78,0.57
2023-03-31,-0.4,-0.3,1.8,7.9,6.37,11.38,7.51,2.75,2.08
2023-04-01,-2.4,0.5,1.8,4.0,6.69,5.73,8.2,3.12,2.33
2023-04-02,-1.4,-0.1,3.2,3.2,4.35,2.18,6.54,2.67,2.0
2023-04-03,-3.2,0.2,2.9,1.4,3.78,4.95,5.61,2.96,1.46
2023-04-04,-0.2,0.5,5.7,3.3,3.96,4.83,3.46,2.12,2.33
2023-04-05,-0.6,-0.5,4.3,4.4,5.15,4.66,3.61,2.12,3.46
2023-04-06,2.0,2.5,4.3,4.6,7.7,5.4,2.31,1.21,3.46
2023-04-07,-0.1,2.2,4.8,3.7,3.83,4.14,4.93,1.5,3.0
2023-04-08,3.6,6.0,9.4,7.4,3.57,4.2,4.76,2.62,2.71
2023-04-09,2.7,6.1,7.4,6.0,3.31,2.32,3.55,2.54,2.62
2023-04-10,5.9,5.9,9.5,6.5,8.7,8.53,3.82,2.3,4.39
2023-04-11,7.5,6.7,8.7,8.1,5.88,7.48,4.81,2.67,6.17
2023-04-12,5.3,9.3,8.7,6.0,6.95,4.6,3.32,1.79,5.79
2023-04-13,8.2,5.3,9.0,8.6,6.51,7.62,4.98,4.04,6.46
2023-04-14,5.1,3.6,8.5,7.4,3.66,6.57,5.24,4.29,3.46
2023-04-15,7.3,5.3,11.4,9.8,7.13,6.16,7.37,2.62,2.96
2023-04-16,6.1,5.9,10.9,9.8,3.31,5.36,4.21,2.54,2.25
2023-04-17,4.5,7.6,9.6,7.7,2.58,4.65,4.29,2.46,1.67
2023-04-18,6.0,8.3,10.5,9.2,3.81,4.45,6.21,3.0,1.83
2023-04-19,6.2,7.9,10.5,9.7,6.5,3.89,8.62,2.25,3.29
2023-04-20,7.3,10.5,11.9,11.2,8.37,3.52,6.34,2.04,2.92
2023-04-21,9.7,12.3,12.2,11.4,5.35,1.84,3.57,3.38,4.12
2023-04-22,12.7,13.6,13.6,11.0,7.78,3.94,3.05,2.58,3.54
2023-04-23,9.6,10.9,10.7,10.5,4.47,8.45,4.8,2.96,3.0
2023-04-24,8.7,4.5,10.6,10.0,6.73,7.29,3.54,2.58,2.25
2023-04-25,7.9,5.8,7.8,7.5,9.92,8.07,5.51,3.0,3.0
2023-04-26,3.4,7.2,6.0,7.7,11.22,7.9,4.77,2.33,3.29
2023-04-27,4.0,5.2,7.8,7.5,8.73,7.46,7.4,2.62,2.54
2023-04-28,5.3,5.8,7.8,7.4,4.3,2.93,4.78,2.5,5.0
2023-04-29,6.9,6.1,8.8,8.8,6.31,10.69,5.49,2.61,2.87
2023-04-30,5.5,7.0,7.6,8.4,7.45,9.67,4.8,4.08,4.92
2023-05-01,6.5,6.8,8.6,9.4,5.42,7.42,6.6,2.62,3.17
2023-05-02,6.1,6.6,7.3,10.0,5.98,6.49,5.64,3.88,4.58
2023-05-03,7.0,7.1,9.0,9.1,4.85,4.7,3.45,4.67,5.75
2023-05-04,4.8,4.8,8.8,8.1,4.41,6.34,5.14,3.42,3.83
2023-05-05,4.1,4.9,9.1,6.0,14.34,7.23,5.88,3.96,2.08
2023-05-06,5.3,5.3,8.6,7.0,11.78,6.24,6.86,3.29,3.58
2023-05-07,6.3,7.4,10.2,9.1,7.48,3.77,3.98,3.46,1.62
2023-05-08,10.9,11.0,12.1,11.2,6.85,6.39,3.09,3.88,2.92
2023-05-09,11.6,12.4,14.5,12.7,8.55,10.76,3.8,2.54,4.12
2023-05-10,13.4,13.2,16.4,14.6,9.53,6.02,5.82,3.58,4.29
2023-05-11,14.4,14.6,17.0,15.5,7.02,3.97,4.81,3.29,3.42
2023-05-12,14.0,15.8,16.9,15.0,5.61,2.69,3.35,1.88,2.0
2023-05-13,15.1,16.4,16.5,15.2,4.7,2.3,3.21,2.62,1.58
2023-05-14,14.0,16.9,18.3,16.8,4.74,3.75,4.62,2.42,2.0
2023-05-15,12.6,15.7,16.4,16.2,2.93,3.22,4.35,2.5,2.62
2023-05-16,11.0,12.6,13.8,11.9,8.61,5.78,4.8,2.04,3.21
2023-05-17,6.0,8.0,9.2,10.2,10.4,10.25,8.22,5.29,8.54
2023-05-18,9.0,10.4,11.7,10.2,4.5,4.14,4.26,4.33,4.33
2023-05-19,11.2,13.6,11.9,11.7,3.04,3.58,2.62,3.5,2.08
2023-05-20,12.5,14.1,13.8,12.5,5.7,3.57,4.07,3.04,2.12
2023-05-21,13.8,15.2,18.3,17.2,4.78,3.32,4.56,2.52,3.43
2023-05-22,16.0,17.4,20.0,18.2,6.65,3.44,3.93,2.46,2.58
2023-05-23,15.5,17.3,14.5,12.7,5.05,3.07,3.16,2.67,4.92
2023-05-24,16.0,18.1,14.9,15.8,4.96,4.58,2.83,3.12,3.62
2023-05-25,13.7,15.5,14.0,14.1,7.36,10.4,4.01,4.21,5.12
2023-05-26,10.9,13.3,13.9,13.4,8.12,9.08,5.08,5.53,6.71
2023-05-27,12.2,13.3,13.7,13.5,4.65,8.22,4.2,6.45,3.83
2023-05-28,12.4,14.6,13.2,14.3,4.48,11.03,5.51,4.08,6.25
2023-05-29,11.2,13.4,12.6,14.1,5.24,4.8,3.89,4.38,5.46
2023-05-30,12.4,14.3,15.4,16.5,5.03,5.6,4.24,3.54,5.88
2023-05-31,16.1,15.4,17.0,16.6,6.07,7.15,5.23,6.17,7.92
2023-06-01,10.9,11.0,14.4,15.3,7.35,6.87,5.04,5.79,7.42
2023-06-02,8.2,10.4,12.7,14.2,5.52,6.11,5.38,4.96,5.21
2023-06-03,11.8,14.5,13.8,13.7,4.35,5.35,5.95,4.04,6.04
2023-06-04,13.3,12.7,15.6,15.1,4.06,4.09,5.34,5.0,5.96
2023-06-05,15.7,17.6,16.1,15.9,3.27,5.73,4.45,5.5,5.62
2023-06-06,16.9,17.1,17.0,17.5,3.48,3.45,3.67,2.42,4.38
2023-06-07,16.4,15.5,17.6,18.2,3.22,2.89,3.54,3.29,3.33
2023-06-08,17.4,15.1,17.2,18.5,2.67,4.13,3.87,4.12,4.62
2023-06-09,14.9,13.3,19.2,15.7,7.62,9.1,7.77,3.92,3.71
2023-06-10,13.5,14.4,18.6,16.2,8.33,5.84,7.13,3.88,2.54
2023-06-11,14.1,16.3,18.6,16.2,8.28,4.83,5.18,3.96,3.42
2023-06-12,15.6,17.7,19.4,17.7,7.24,2.93,3.56,3.33,2.71
2023-06-13,17.8,20.2,19.7,16.5,5.41,2.54,3.13,2.71,3.67
2023-06-14,18.9,21.1,21.4,18.3,2.96,3.02,4.44,3.04,2.08
2023-06-15,19.3,21.6,22.8,18.9,2.68,2.82,5.11,3.04,1.83
2023-06-16,17.9,21.9,22.2,18.7,3.55,2.5,3.12,2.67,1.75
2023-06-17,19.1,21.6,22.6,16.2,2.63,2.87,4.52,3.04,4.12
2023-06-18,15.1,17.3,18.2,19.1,4.02,5.29,3.64,2.62,2.62
2023-06-19,18.2,18.0,19.8,18.8,4.51,2.58,2.76,3.21,3.79
2023-06-20,20.9,21.2,20.7,21.2,5.11,4.62,2.03,2.62,3.48
2023-06-21,17.9,21.1,19.4,21.3,6.13,6.09,3.99,3.71,3.17
2023-06-22,18.4,22.1,19.2,21.3,4.8,11.08,5.39,2.96,4.75
2023-06-23,18.1,21.4,19.2,20.1,4.96,6.43,3.89,5.04,4.5
2023-06-24,17.9,21.1,18.2,19.9,4.97,4.91,2.97,5.08,5.17
2023-06-25,18.7,21.6,19.9,20.9,3.26,3.12,3.4,3.54,2.29
2023-06-26,19.6,21.0,21.1,20.4,6.45,4.02,4.27,3.42,4.96
2023-06-27,15.9,20.6,18.1,16.6,11.73,3.39,4.12,2.29,2.38
2023-06-28,18.6,22.1,19.6,19.8,7.37,5.27,3.8,2.21,2.54
2023-06-29,17.3,23.8,19.1,18.8,4.45,7.14,4.37,3.33,2.5
2023-06-30,16.5,20.5,17.3,17.9,5.86,12.38,5.29,2.92,2.54
2023-07-01,13.2,19.3,16.4,16.0,7.45,7.59,7.72,5.79,2.0
2023-07-02,13.9,15.7,16.0,16.8,12.22,12.79,9.27,4.25,3.88
2023-07-03,11.6,13.7,14.7,15.9,12.23,18.08,11.89,2.71,3.88
2023-07-04,12.1,15.8,14.8,15.1,11.32,14.03,9.54,2.54,2.83
2023-07-05,14.1,17.4,16.2,15.6,8.35,7.73,7.06,2.67,4.96
2023-07-06,13.5,15.7,14.9,17.1,10.22,8.22,7.82,2.33,2.46
2023-07-07,15.6,17.0,17.6,18.3,3.3,10.04,6.93,1.92,3.08
2023-07-08,17.4,19.4,19.5,20.0,2.31,3.13,3.92,2.46,5.42
2023-07-09,19.5,19.9,20.3,21.0,2.48,1.98,3.27,2.88,2.04
2023-07-10,17.3,19.2,19.0,18.6,4.79,3.73,3.65,4.0,3.79
2023-07-11,18.1,18.9,17.8,18.6,5.63,8.57,3.81,4.08,5.0
2023-07-12,15.9,18.8,16.4,18.9,6.25,7.29,5.26,5.04,5.88
2023-07-13,15.6,18.3,17.5,18.3,6.81,10.58,5.73,4.08,4.17
2023-07-14,15.6,19.3,17.4,18.5,5.57,9.59,6.72,3.21,4.58
2023-07-15,16.5,19.2,19.3,21.6,7.7,7.66,4.56,3.96,3.33
2023-07-16,17.0,18.9,19.0,20.3,6.62,10.7,6.59,5.08,5.96
2023-07-17,15.3,18.2,16.8,17.4,7.33,12.63,5.99,4.42,4.96
2023-07-18,14.7,17.0,16.4,17.7,8.26,13.61,8.44,2.62,4.08
2023-07-19,14.0,16.1,16.1,16.6,5.78,11.17,7.14,2.38,2.46
2023-07-20,13.3,16.2,16.0,16.2,8.41,8.44,7.65,2.08,3.33
2023-07-21,14.1,17.5,16.2,17.0,6.25,8.97,7.5,2.88,5.42
2023-07-22,12.3,17.1,16.1,15.2,6.99,9.3,4.73,2.67,3.38
2023-07-23,13.7,17.1,16.6,15.4,5.79,4.75,3.99,2.21,3.71
2023-07-24,15.5,17.4,17.0,18.8,6.8,7.29,4.29,2.33,2.5
2023-07-25,15.8,17.5,17.0,17.8,7.99,9.7,4.56,2.96,2.58
2023-07-26,13.2,16.9,14.8,15.9,7.6,9.82,6.55,2.96,1.58
2023-07-27,13.0,16.7,16.2,16.8,6.6,5.24,6.17,3.21,1.96
2023-07-28,13.7,15.7,16.5,18.4,3.1,4.66,3.75,3.0,2.71
2023-07-29,15.4,19.3,17.4,18.0,4.56,5.06,3.7,2.83,5.12
2023-07-30,17.0,17.4,17.5,18.2,6.86,7.75,4.88,3.17,1.79
2023-07-31,14.1,15.3,15.8,17.1,7.2,4.05,5.9,3.21,3.71
2023-08-01,14.4,17.4,16.3,17.0,4.2,3.48,4.04,2.39,4.0
2023-08-02,16.1,17.8,18.0,18.0,6.22,3.75,7.03,5.29,3.58
2023-08-03,14.4,16.2,17.4,18.7,5.38,5.1,7.42,2.88,2.5
2023-08-04,15.9,18.0,18.9,18.4,6.67,3.38,7.37,2.92,5.79
2023-08-05,14.3,17.8,17.1,17.7,5.25,5.98,4.45,3.25,2.5
2023-08-06,11.1,15.8,15.4,14.1,7.67,4.84,6.33,2.88,1.75
2023-08-07,16.1,19.9,14.8,14.1,16.92,8.15,7.09,4.21,2.92
2023-08-08,11.4,14.3,13.1,15.8,14.68,9.16,12.82,8.38,7.79
2023-08-09,10.7,13.5,13.2,13.4,10.78,7.94,8.61,7.75,8.38
2023-08-10,12.5,13.4,16.2,14.4,8.47,5.85,8.07,2.79,3.71
2023-08-11,13.1,15.4,15.6,15.9,5.68,6.34,5.33,4.17,1.92
2023-08-12,15.4,16.5,18.9,19.0,4.98,5.48,4.02,3.42,3.71
2023-08-13,17.2,17.8,17.7,18.9,4.65,5.91,5.04,2.0,2.29
2023-08-14,17.9,19.5,19.3,19.9,3.82,5.17,3.25,1.54,2.17
2023-08-15,18.1,19.1,19.7,20.9,5.19,4.67,3.71,2.67,2.71
2023-08-16,15.4,19.8,17.6,18.7,4.58,6.0,3.34,2.79,4.12
2023-08-17,14.3,18.3,16.6,17.0,3.2,2.98,4.06,3.42,4.12
2023-08-18,16.0,16.7,18.1,19.2,5.59,6.33,5.62,2.92,2.88
2023-08-19,17.6,16.9,21.0,20.7,8.3,9.17,5.23,3.29,4.21
2023-08-20,17.8,16.7,19.7,19.2,3.78,7.3,3.65,3.33,4.5
2023-08-21,16.4,18.3,18.4,19.1,3.96,11.62,3.91,1.12,1.83
2023-08-22,16.0,17.1,18.4,19.3,4.05,9.5,6.08,2.25,3.54
2023-08-23,15.8,17.3,18.0,18.4,4.7,8.99,4.85,2.12,1.38
2023-08-24,15.7,18.0,17.1,17.8,4.51,4.2,4.92,1.88,3.0
2023-08-25,12.3,15.7,15.2,19.2,4.54,6.52,3.65,2.33,1.96
2023-08-26,14.5,16.7,16.3,19.4,6.05,4.88,3.35,4.12,3.96
2023-08-27,14.0,16.9,17.2,16.3,4.02,9.17,3.27,3.96,5.29
2023-08-28,14.3,15.7,16.0,16.5,5.04,4.82,4.66,1.17,4.25
2023-08-29,13.4,16.6,16.3,14.4,2.84,8.11,2.11,1.79,2.62
2023-08-30,13.8,15.5,16.6,16.1,2.69,3.03,4.6,2.46,1.46
2023-08-31,13.2,16.4,15.3,13.1,3.57,3.38,2.35,3.12,2.17
2023-09-01,13.9,14.3,17.8,16.5,6.61,5.3,5.25,3.54,5.83
2023-09-02,15.1,14.0,16.5,17.6,5.79,3.02,6.25,4.25,6.33
2023-09-03,14.2,14.1,16.9,16.6,7.02,8.16,4.22,,3.62
2023-09-04,17.4,18.5,19.4,19.6,5.51,10.7,4.26,3.25,5.17
2023-09-05,17.2,18.3,18.6,18.6,2.63,9.14,6.23,3.25,5.42
2023-09-06,15.9,15.5,17.7,18.1,4.33,3.07,4.98,2.29,3.58
2023-09-07,17.0,16.4,18.3,19.2,6.79,5.02,3.5,1.83,1.5
2023-09-08,16.4,18.7,19.6,19.1,5.96,4.3,2.02,1.83,1.21
2023-09-09,18.1,18.3,20.7,20.9,4.59,4.58,3.07,2.42,3.62
2023-09-10,17.7,19.5,18.1,19.4,3.09,5.07,2.76,1.79,2.58
2023-09-11,18.7,17.1,19.0,17.6,2.7,8.97,2.8,3.5,4.67
2023-09-12,16.7,17.9,18.4,19.6,3.72,6.9,3.19,2.79,3.62
2023-09-13,12.3,14.8,15.4,17.0,6.54,7.3,3.98,3.33,6.12
2023-09-14,11.6,12.0,13.1,13.6,4.74,6.17,3.99,2.75,2.83
2023-09-15,12.0,14.8,15.8,14.5,4.22,9.17,4.44,1.75,4.59
2023-09-16,14.6,16.2,17.1,17.0,5.85,6.38,4.99,1.29,3.96
2023-09-17,13.0,12.7,16.1,17.6,6.42,7.81,4.2,3.21,4.46
2023-09-18,14.5,13.0,17.4,19.3,9.22,11.8,7.48,4.96,5.42
2023-09-19,13.6,16.4,15.1,16.8,12.67,12.06,9.72,4.92,4.88
2023-09-20,15.3,15.9,17.0,18.1,8.55,10.69,9.96,2.36,4.04
2023-09-21,17.9,18.1,20.8,19.8,6.69,11.2,5.95,3.75,5.88
2023-09-22,15.5,17.2,16.9,17.1,7.48,7.32,6.77,4.67,4.83
2023-09-23,12.8,15.0,14.8,13.6,7.26,8.0,5.04,1.74,2.83
2023-09-24,10.3,13.5,15.0,14.2,6.17,10.39,5.67,2.04,3.92
2023-09-25,11.6,13.7,16.6,14.8,6.91,12.55,4.88,3.42,5.75
2023-09-26,13.2,15.0,17.3,15.3,3.41,6.11,3.25,1.58,3.62
2023-09-27,15.0,16.2,16.9,16.8,3.34,7.64,3.3,2.0,5.38
2023-09-28,14.6,15.5,17.6,18.1,4.96,8.44,4.23,2.62,5.04
2023-09-29,15.1,15.5,16.8,17.3,5.55,8.95,4.32,1.91,2.88
2023-09-30,12.8,13.8,15.2,15.3,9.76,14.01,8.97,2.0,4.0
2023-10-01,11.4,12.6,14.6,14.9,5.9,6.96,5.99,3.29,4.42
2023-10-02,13.6,12.5,16.1,17.0,5.16,10.83,5.1,1.67,2.25
2023-10-03,9.2,11.1,11.6,15.8,9.87,7.47,7.12,1.92,1.5
2023-10-04,11.2,11.9,14.1,14.4,12.25,13.44,9.85,2.17,4.58
2023-10-05,7.4,7.8,12.0,13.1,10.48,4.91,10.18,2.83,3.29
2023-10-06,10.6,8.9,13.5,14.4,11.17,14.33,8.44,2.75,4.17
2023-10-07,5.5,6.9,9.6,12.2,9.55,8.45,11.78,7.08,8.54
2023-10-08,2.9,6.2,6.2,6.9,4.4,5.4,10.07,4.71,8.29
2023-10-09,3.1,6.3,8.5,10.0,3.38,3.89,3.98,1.42,3.46
2023-10-10,5.8,6.6,10.8,12.6,6.1,9.39,5.37,2.42,4.62
2023-10-11,12.2,12.4,13.9,15.0,10.22,17.48,9.95,2.12,3.04
2023-10-12,8.9,11.1,12.1,12.3,10.34,15.11,9.55,3.12,6.88
2023-10-13,9.0,8.3,12.2,13.1,8.92,11.83,8.35,2.21,5.46
2023-10-14,8.2,10.3,11.7,12.0,12.45,17.62,11.64,2.83,4.08
2023-10-15,6.1,7.7,11.0,10.0,13.4,9.57,9.86,5.0,9.25
2023-10-16,1.3,5.4,6.3,8.8,9.17,7.07,7.21,4.92,6.54
2023-10-17,7.8,7.5,11.3,9.2,8.12,11.71,7.38,1.79,2.42
2023-10-18,3.9,5.3,7.0,10.0,6.31,7.17,5.72,3.79,2.54
2023-10-19,1.5,1.5,4.2,6.3,10.75,12.05,5.15,3.96,2.79
2023-10-20,2.3,3.7,4.3,5.2,12.91,15.25,10.43,3.54,2.54
2023-10-21,3.1,5.0,4.9,8.1,10.02,14.86,10.67,2.46,3.0
2023-10-22,6.8,6.2,8.7,11.4,6.4,9.05,1.99,2.12,4.46
2023-10-23,8.7,5.8,10.4,10.1,5.86,5.58,3.15,2.0,2.5
2023-10-24,5.4,4.3,8.6,9.0,9.89,11.86,4.4,1.29,4.17
2023-10-25,3.5,3.4,5.6,8.9,10.02,12.3,7.43,1.79,4.83
2023-10-26,2.7,3.3,4.8,7.2,5.45,9.58,5.49,1.58,3.79
2023-10-27,2.1,3.0,4.3,6.0,4.47,8.12,4.17,3.62,1.75
2023-10-28,1.7,1.5,3.9,6.0,7.88,8.73,3.28,2.71,1.92
2023-10-29,1.9,2.2,4.4,9.5,8.47,11.38,7.03,1.58,1.92
2023-10-30,6.0,3.6,9.0,11.1,7.08,11.36,4.6,3.38,2.04
2023-10-31,3.7,6.4,3.6,8.4,7.97,10.04,5.57,6.0,3.46
2023-11-01,-0.2,1.5,2.3,6.0,7.18,6.71,5.77,5.29,3.71
2023-11-02,6.0,2.8,9.2,10.6,8.14,13.15,7.06,2.96,3.29
2023-11-03,7.1,8.3,10.4,10.2,5.34,8.91,7.89,4.79,3.92
2023-11-04,5.6,8.2,8.9,8.7,7.73,6.93,6.97,5.08,3.92
2023-11-05,6.2,7.7,8.3,9.1,4.91,8.09,5.98,1.62,2.62
2023-11-06,7.0,7.6,8.8,9.6,7.5,6.13,2.88,1.79,1.25
2023-11-07,6.3,6.5,8.7,9.3,9.5,2.93,6.39,1.79,1.0
2023-11-08,5.9,6.1,8.6,9.2,9.32,4.21,5.19,1.21,1.67
2023-11-09,6.7,6.2,8.6,9.0,9.1,6.11,6.6,2.04,4.71
2023-11-10,5.4,7.6,6.5,8.2,8.12,5.05,5.5,4.54,3.92
2023-11-11,4.7,7.3,6.1,7.7,3.96,4.54,2.43,4.92,3.79
2023-11-12,3.1,3.8,5.9,5.9,3.16,6.71,4.65,4.08,2.83
2023-11-13,-0.6,1.5,2.1,4.5,6.04,6.62,5.1,4.42,2.04
2023-11-14,0.2,1.3,2.4,6.0,7.77,10.04,4.63,4.08,2.38
2023-11-15,-0.9,0.5,1.1,4.2,5.02,5.65,4.03,4.0,1.96
2023-11-16,-0.7,-0.9,1.4,5.6,6.75,8.23,4.65,3.38,0.88
2023-11-17,0.0,0.3,1.0,3.6,5.18,5.28,4.52,1.75,0.08
2023-11-18,-1.5,-2.2,-0.3,-0.8,4.05,4.24,2.2,2.21,0.17
2023-11-19,-1.0,-3.0,2.2,4.0,10.59,10.52,6.27,2.0,0.33
2023-11-20,0.7,1.2,3.3,4.8,6.22,8.2,5.75,2.21,0.0
2023-11-21,0.2,0.3,2.3,2.2,4.42,4.9,3.36,1.58,4.64
2023-11-22,-0.2,-0.9,4.1,1.1,10.39,14.43,9.17,3.14,5.65
2023-11-23,5.3,4.0,8.1,8.4,15.05,17.03,12.33,1.21,5.08
2023-11-24,-0.3,0.0,3.1,3.0,12.88,11.26,9.53,5.0,4.5
2023-11-25,-5.5,-4.6,-1.6,-0.9,5.93,8.04,8.56,5.33,3.88
2023-11-26,-5.0,-3.4,-4.6,-2.9,5.73,4.49,6.79,3.46,2.08
2023-11-27,-4.8,-5.7,-4.4,-5.4,4.4,9.45,5.96,5.75,2.96
2023-11-28,-8.9,-5.4,-7.4,-6.0,6.67,9.91,7.45,6.75,4.29
2023-11-29,-9.4,-3.7,-5.8,-4.5,3.61,10.34,3.1,3.88,4.62
2023-11-30,-5.6,-2.0,-3.8,-1.7,5.4,9.74,3.9,4.17,2.04
2023-12-01,-4.3,-1.5,-3.5,-5.8,3.04,7.5,4.57,4.83,1.33
2023-12-02,-5.4,-5.4,-5.8,-5.8,4.12,3.53,3.62,3.71,0.38
2023-12-03,-10.1,-5.6,-6.0,-3.2,5.36,2.81,7.44,3.04,0.33
2023-12-04,-8.3,-7.9,-3.1,-0.4,5.95,4.63,5.63,2.0,0.17
2023-12-05,-5.7,-8.7,-4.0,1.1,11.78,6.49,2.59,2.71,0.0
2023-12-06,-2.9,-12.3,-1.5,0.9,11.09,7.7,6.23,1.38,
2023-12-07,-2.2,-3.2,-1.8,0.5,2.98,7.3,6.86,1.29,
2023-12-08,-1.0,0.7,-0.3,1.9,6.82,7.0,5.28,3.17,
2023-12-09,-0.1,0.2,1.8,2.5,6.78,9.22,6.4,3.83,6.81
2023-12-10,0.1,0.1,2.2,3.4,8.32,10.59,6.7,1.46,6.75
2023-12-11,0.2,0.7,1.8,3.3,3.18,9.33,7.11,2.33,4.58
2023-12-12,-2.3,-2.7,0.0,1.2,4.11,7.5,5.92,4.25,2.92
2023-12-13,-4.2,-2.9,-1.8,0.0,6.98,7.78,3.66,3.38,1.96
2023-12-14,-5.1,-5.4,-1.8,-0.9,4.23,4.25,4.68,3.08,0.0
2023-12-15,0.2,-3.4,3.4,4.4,6.9,7.81,5.92,1.33,
2023-12-16,5.0,3.6,6.6,6.3,9.05,11.73,8.79,1.38,7.33
2023-12-17,6.7,4.4,7.4,8.2,10.12,12.55,8.56,2.08,4.79
2023-12-18,7.0,6.4,7.2,7.8,9.59,11.04,6.51,1.08,3.88
2023-12-19,4.6,4.7,6.0,7.0,8.03,12.1,9.51,5.17,8.62
2023-12-20,1.7,0.8,4.7,4.2,10.73,10.48,7.67,2.42,1.67
2023-12-21,0.9,0.1,3.6,5.2,13.28,12.24,8.79,3.04,4.42
2023-12-22,-1.0,0.4,-0.2,2.7,18.24,13.36,9.4,5.71,2.0
2023-12-23,-6.2,-2.8,-4.3,1.7,12.19,6.57,13.17,7.62,2.5
2023-12-24,-5.1,-6.3,0.3,3.8,8.73,5.96,6.97,2.54,3.04
2023-12-25,1.5,-0.2,4.9,6.1,12.6,8.66,10.2,1.62,3.46
2023-12-26,0.0,-5.0,3.5,5.4,10.93,7.09,6.52,0.62,2.58
2023-12-27,-4.4,-3.2,-0.7,2.5,8.22,5.8,7.58,4.29,5.38
2023-12-28,1.0,-0.5,4.6,6.4,10.13,9.45,8.31,1.92,2.29
2023-12-29,4.2,2.4,6.4,7.1,11.12,7.11,9.15,3.67,2.96
2023-12-30,1.1,0.3,4.0,5.1,8.08,4.7,6.63,3.92,1.88
2023-12-31,-0.5,-2.5,2.7,4.5,8.56,14.89,4.16,3.17,3.62
2024-01-01,-1.2,-2.4,1.3,5.1,5.4,17.17,8.17,2.92,4.46
2024-01-02,-4.3,-5.2,-1.6,2.6,12.57,15.88,7.92,3.58,4.17
2024-01-03,-5.7,-6.6,-3.1,1.1,15.5,16.86,12.47,3.58,4.17
2024-01-04,-8.3,-8.5,-7.0,-3.8,7.53,10.49,8.1,3.71,3.71
2024-01-05,-11.6,-10.1,-10.5,-9.5,4.75,7.54,4.72,2.5,1.0
2024-01-06,-15.1,-11.0,-11.4,-7.4,6.02,3.09,4.71,0.75,0.54
2024-01-07,-7.7,-11.5,-10.3,-7.9,5.4,2.52,5.84,0.92,1.38
2024-01-08,-11.4,-9.3,-7.6,-8.2,4.65,2.85,4.85,2.08,3.82
2024-01-09,-6.1,-2.0,-2.5,-2.3,4.56,1.35,6.58,7.42,8.62
2024-01-10,-4.4,0.4,-2.9,-0.5,5.92,1.36,6.38,6.79,8.29
2024-01-11,-2.5,1.0,-2.1,-0.8,6.99,3.47,5.88,2.25,5.08
2024-01-12,-1.6,1.8,-2.9,-1.2,4.73,3.02,7.8,4.17,6.21
2024-01-13,-1.3,-0.6,2.3,2.4,9.94,6.72,6.7,2.29,4.0
2024-01-14,-0.9,-1.7,0.3,1.7,9.22,6.58,5.6,3.04,1.92
2024-01-15,-8.1,-5.9,-5.8,-2.5,11.12,9.17,7.6,3.79,1.96
2024-01-16,-16.2,-12.3,-9.5,-6.1,5.2,8.75,7.66,1.25,1.67
2024-01-17,-3.3,-2.3,-0.3,-0.7,11.53,14.04,11.83,3.25,1.96
2024-01-18,-6.5,-5.9,-4.2,-1.3,8.6,9.1,8.43,4.54,3.88
2024-01-19,-3.2,-11.5,0.4,0.4,10.3,9.54,8.33,1.08,2.21
2024-01-20,-4.0,-9.1,-2.3,2.3,9.2,5.77,4.04,1.04,2.46
2024-01-21,-0.7,0.0,1.9,2.2,11.01,12.32,9.92,1.96,6.17
2024-01-22,2.7,3.8,5.4,5.4,12.6,19.28,12.22,5.71,7.25
2024-01-23,3.2,5.0,5.5,5.0,10.7,13.42,10.96,2.54,4.42
2024-01-24,3.6,1.7,6.4,7.1,13.49,9.12,8.91,1.62,5.5
2024-01-25,0.0,-0.5,2.2,4.7,9.92,3.31,8.53,1.71,1.58
2024-01-26,-0.1,-1.3,3.5,3.9,10.53,13.09,5.93,2.96,5.67
2024-01-27,2.0,0.5,4.9,4.8,8.95,10.92,7.84,0.88,5.46
2024-01-28,3.0,4.2,4.7,3.5,6.57,11.54,6.48,1.04,5.58
2024-01-29,3.1,4.3,4.5,3.8,5.05,6.51,6.94,1.67,7.75
2024-01-30,3.1,2.5,5.2,4.4,4.78,4.99,2.88,0.79,3.08
2024-01-31,2.7,3.6,4.3,4.4,10.59,13.66,8.19,2.08,4.62
2024-02-01,2.1,2.9,4.8,5.1,12.28,15.39,10.93,5.58,9.29
2024-02-02,3.6,1.3,5.7,5.6,9.57,11.83,7.92,1.79,5.88
2024-02-03,4.9,5.6,6.6,7.4,9.26,15.16,9.9,2.88,9.62
2024-02-04,3.2,1.9,5.9,6.2,12.72,14.86,9.25,5.67,6.62
2024-02-05,0.9,-1.3,3.7,4.4,7.55,10.0,6.75,2.0,2.5
2024-02-06,-2.6,-4.4,0.2,5.5,9.42,6.65,5.08,2.13,3.43
2024-02-07,-4.2,-4.3,-2.1,1.7,9.05,4.58,4.62,1.88,1.79
2024-02-08,-4.1,-3.9,-1.7,0.9,6.9,4.7,3.63,1.42,0.71
2024-02-09,-4.9,-4.4,-3.4,-0.2,11.68,10.03,6.75,1.38,0.75
2024-02-10,-3.9,-4.2,-1.6,1.6,11.49,13.85,7.12,1.46,2.67
2024-02-11,-2.0,-3.7,0.6,1.8,11.14,10.95,7.34,1.46,5.0
2024-02-12,-1.8,-3.1,-0.2,1.8,5.02,5.68,7.03,1.88,3.38
2024-02-13,-0.9,-0.3,0.6,4.4,6.25,2.74,5.61,3.04,2.62
2024-02-14,1.4,-0.3,3.4,4.6,4.52,4.3,3.48,2.88,3.83
2024-02-15,1.8,1.5,4.2,6.6,4.58,6.32,2.82,0.75,1.62
2024-02-16,6.4,4.3,7.6,9.5,6.47,7.95,6.43,2.88,4.25
2024-02-17,0.5,1.6,3.0,4.8,6.89,5.25,6.89,4.25,5.58
2024-02-18,-1.0,-0.7,2.3,2.9,6.55,7.23,4.85,1.21,1.46
2024-02-19,1.1,1.0,2.9,4.9,5.79,3.03,5.15,1.29,0.12
2024-02-20,0.7,0.2,4.2,6.2,6.65,4.48,3.23,1.12,1.67
2024-02-21,4.5,2.5,5.0,6.1,7.52,5.47,4.77,1.21,2.0
2024-02-22,4.1,3.3,6.4,6.0,6.28,10.82,6.26,4.79,6.62
2024-02-23,4.3,5.2,6.1,6.1,10.51,15.42,8.42,8.04,9.75
2024-02-24,3.3,3.5,5.9,4.3,4.42,7.48,4.14,4.04,6.25
2024-02-25,3.2,3.4,4.8,4.8,5.2,4.9,4.64,1.25,4.12
2024-02-26,1.3,2.0,4.0,4.7,2.71,3.9,2.55,0.83,2.29
2024-02-27,1.8,1.9,3.1,0.1,3.66,6.05,2.32,2.54,5.67
2024-02-28,1.4,2.0,4.2,3.1,5.09,10.25,3.64,3.5,4.83
2024-02-29,3.3,3.3,5.3,4.6,8.22,14.54,6.18,4.42,7.29
2024-03-01,4.5,3.5,6.3,6.3,5.66,9.16,6.73,5.83,5.96
2024-03-02,5.2,3.9,7.2,7.0,5.29,6.08,6.47,2.88,4.88
2024-03-03,4.9,3.3,8.1,5.9,6.85,7.04,6.38,1.25,3.67
2024-03-04,2.7,0.6,4.6,4.9,7.01,8.96,6.3,1.29,2.92
2024-03-05,0.2,0.6,2.4,2.5,5.6,10.39,7.37,0.67,3.29
2024-03-06,0.6,0.6,3.3,2.8,5.16,7.79,5.06,1.54,1.5
2024-03-07,-1.3,2.4,2.5,1.8,3.58,3.15,3.32,2.21,4.54
2024-03-08,-1.7,0.5,3.4,0.0,4.96,4.14,2.74,1.83,2.33
2024-03-09,-1.6,-1.4,1.1,1.4,11.36,10.25,4.5,1.83,3.71
2024-03-10,-0.8,-0.3,1.9,2.3,12.41,11.04,8.34,2.0,4.67
2024-03-11,1.4,0.6,3.9,3.6,9.47,9.02,7.88,1.83,4.17
2024-03-12,0.3,1.5,3.9,3.5,2.95,4.19,4.53,1.62,1.58
2024-03-13,2.5,2.5,5.0,4.4,4.46,8.55,2.84,1.92,4.04
2024-03-14,7.2,6.9,7.4,8.3,6.0,9.03,7.19,3.29,5.62
2024-03-15,9.3,8.5,9.6,8.9,6.25,8.13,6.02,1.75,3.29
2024-03-16,5.1,5.8,5.2,8.2,10.08,9.93,5.82,5.25,4.17
2024-03-17,-1.4,-0.8,1.3,3.2,6.95,6.53,10.35,2.71,3.79
2024-03-18,-3.5,-1.8,1.1,0.2,6.75,4.44,3.88,2.5,6.62
2024-03-19,-2.3,0.7,2.7,3.0,6.41,9.32,2.75,2.58,5.29
2024-03-20,3.1,1.7,4.8,6.9,3.08,3.99,5.13,2.25,3.79
2024-03-21,2.5,4.0,4.6,6.2,4.21,4.58,2.99,3.0,3.58
2024-03-22,5.4,5.1,6.9,7.4,6.87,11.01,7.11,2.58,2.71
2024-03-23,3.3,5.4,5.7,6.1,6.7,8.34,5.88,2.38,1.46
2024-03-24,2.8,2.1,5.9,5.3,5.69,4.0,3.85,1.79,2.5
2024-03-25,1.0,0.6,4.8,5.7,2.85,2.68,2.17,1.67,2.54
2024-03-26,3.2,1.3,5.3,5.9,6.63,6.17,3.81,2.83,4.21
2024-03-27,6.7,4.8,9.7,8.6,7.33,7.26,6.74,3.08,5.96
2024-03-28,5.3,6.1,8.5,8.3,7.31,8.4,6.65,2.33,3.42
2024-03-29,7.4,8.3,8.1,7.5,5.17,8.41,5.64,3.54,3.29
2024-03-30,7.1,9.2,9.3,8.7,7.04,6.07,4.15,1.29,1.21
2024-03-31,6.8,5.6,8.5,8.3,3.9,4.64,5.27,1.25,2.5
2024-04-01,5.7,4.3,9.7,7.2,4.43,6.28,5.76,3.04,3.42
2024-04-02,-0.9,-0.3,1.5,5.2,7.7,10.83,8.61,5.25,3.42
2024-04-03,-3.0,-2.0,0.2,2.0,6.11,7.26,8.09,5.46,2.92
2024-04-04,-2.0,-1.2,1.3,4.4,10.16,10.72,6.01,3.79,4.79
2024-04-05,3.1,1.0,5.4,8.9,6.3,6.13,5.9,3.71,5.38
2024-04-06,6.1,2.3,8.0,12.2,5.91,5.02,5.62,3.0,3.38
2024-04-07,10.8,8.7,12.0,13.2,4.27,10.98,6.38,3.21,4.67
2024-04-08,11.6,12.2,12.7,13.4,3.52,6.79,4.36,1.75,3.21
2024-04-09,12.0,12.3,11.3,14.0,5.35,5.33,4.29,1.92,3.08
2024-04-10,7.7,10.2,8.6,10.0,8.22,14.03,8.05,3.0,6.0
2024-04-11,8.3,8.2,9.9,9.9,8.49,12.62,9.42,2.17,3.46
2024-04-12,7.9,10.9,8.6,10.7,6.57,7.12,6.94,2.62,3.29
2024-04-13,9.5,11.1,9.9,11.5,6.7,10.45,6.12,1.96,3.54
2024-04-14,7.1,7.0,8.4,10.2,10.9,13.5,9.72,3.12,4.54
2024-04-15,5.5,5.0,8.0,7.8,6.84,3.79,5.23,3.25,3.92
2024-04-16,3.7,3.3,7.1,7.0,5.25,6.01,4.92,3.5,1.62
2024-04-17,3.1,3.6,5.8,6.0,3.7,4.47,5.17,3.33,2.67
2024-04-18,1.3,2.1,5.7,6.4,3.69,4.85,2.77,2.92,2.5
2024-04-19,0.3,1.1,3.5,4.5,5.73,6.8,4.14,3.04,3.33
2024-04-20,2.6,0.2,3.9,4.7,3.33,4.51,4.59,4.79,3.67
2024-04-21,0.7,-0.5,4.2,4.1,4.92,5.74,5.73,3.17,2.92
2024-04-22,-1.2,0.0,3.3,2.2,3.5,6.63,7.43,3.42,2.38
2024-04-23,1.6,3.2,5.3,4.6,6.29,4.04,6.47,3.5,3.83
2024-04-24,2.0,5.1,5.0,6.1,6.24,2.07,3.15,2.12,2.88
2024-04-25,3.0,2.3,5.7,5.5,7.42,3.48,4.76,2.41,4.67
2024-04-26,3.3,2.5,7.8,6.0,7.21,7.15,3.65,2.12,2.33
2024-04-27,5.1,4.4,7.4,8.5,6.17,5.37,3.55,1.62,1.38
2024-04-28,11.3,5.9,15.7,14.7,7.76,8.24,5.68,2.22,3.46
2024-04-29,12.2,12.2,12.4,12.8,4.38,7.28,3.94,1.71,4.21
2024-04-30,10.8,13.4,15.2,13.9,8.34,6.45,7.26,2.62,2.5
2024-05-01,13.5,11.3,18.0,15.5,8.08,10.58,8.07,2.29,1.88
2024-05-02,13.2,11.5,17.7,15.6,8.47,11.76,8.65,1.75,2.46
2024-05-03,12.8,12.7,17.8,15.3,7.72,8.09,6.76,2.58,1.5
2024-05-04,11.7,14.8,14.3,12.4,2.93,3.95,2.82,3.83,2.04
2024-05-05,11.8,8.8,14.1,11.7,4.93,5.12,3.95,3.3,6.58
2024-05-06,7.3,8.5,10.4,11.9,5.21,9.89,5.65,3.17,4.62
2024-05-07,7.0,6.3,11.6,9.9,3.05,4.55,4.49,3.92,3.71
2024-05-08,11.1,3.4,11.7,10.8,4.0,6.09,4.65,2.62,5.04
2024-05-09,9.5,7.2,11.1,12.9,4.6,9.8,4.24,3.79,4.29
2024-05-10,10.2,9.2,13.1,13.4,3.96,4.87,3.56,5.17,4.83
2024-05-11,11.5,11.2,13.7,11.5,4.32,1.94,3.4,3.25,1.83
2024-05-12,13.1,15.0,14.1,11.2,5.51,3.64,4.57,2.12,2.46
2024-05-13,15.2,18.3,15.9,12.6,8.1,2.4,3.78,2.96,2.79
2024-05-14,15.9,17.6,17.8,15.8,8.43,2.81,3.91,2.79,3.88
2024-05-15,15.5,17.6,19.2,16.5,8.91,2.27,3.59,2.67,1.92
2024-05-16,14.9,18.4,19.2,15.7,10.45,5.68,5.79,2.48,2.67
2024-05-17,15.0,18.1,18.9,16.2,10.35,5.83,5.18,3.38,3.88
2024-05-18,14.4,18.5,18.7,16.9,5.42,3.0,4.06,2.62,2.96
2024-05-19,17.4,19.4,19.0,17.4,3.66,1.83,3.23,3.54,4.75
2024-05-20,15.2,13.2,20.1,16.6,6.16,6.55,6.35,3.5,2.5
2024-05-21,14.3,13.3,19.9,16.6,8.43,7.02,8.55,4.21,2.62
2024-05-22,16.2,15.4,20.2,18.5,9.94,9.77,8.25,3.67,4.83
2024-05-23,17.4,17.0,20.6,16.0,5.31,8.99,8.65,2.79,4.75
2024-05-24,16.2,17.7,16.3,16.5,4.1,4.17,3.76,2.92,2.33
2024-05-25,17.9,19.8,19.1,16.2,4.64,3.7,4.06,2.79,3.67
2024-05-26,17.5,18.6,19.1,17.5,5.3,4.48,5.41,2.46,4.71
2024-05-27,15.9,21.1,18.6,18.7,3.83,5.5,4.41,2.46,4.29
2024-05-28,16.7,21.4,17.3,15.5,5.77,5.62,3.94,2.62,3.83
2024-05-29,15.4,18.5,16.5,15.0,7.19,5.61,3.75,2.62,4.92
2024-05-30,14.8,18.6,16.7,17.4,4.17,6.25,4.41,2.83,3.04
2024-05-31,15.6,20.2,18.5,19.6,3.29,4.11,5.02,2.62,2.54
2024-06-01,18.1,22.1,22.1,19.8,4.06,4.39,4.33,2.04,4.17
2024-06-02,19.2,19.8,21.6,21.6,5.81,4.41,2.95,3.12,3.29
2024-06-03,16.5,21.5,17.1,17.0,7.65,8.9,4.97,3.35,2.83
2024-06-04,15.4,19.0,16.5,16.1,5.7,11.24,5.62,4.04,3.96
2024-06-05,13.9,17.7,14.6,16.2,8.05,14.4,6.27,4.54,7.25
2024-06-06,10.1,15.3,12.6,13.2,7.52,9.16,6.58,3.54,3.79
2024-06-07,10.0,14.4,12.2,12.8,5.94,8.1,5.2,3.29,2.71
2024-06-08,9.7,14.4,11.3,13.7,7.93,9.18,6.79,4.83,4.08
2024-06-09,8.9,11.7,10.2,12.0,10.82,15.76,9.19,4.0,4.88
2024-06-10,11.0,11.1,13.6,14.4,9.01,7.65,8.72,2.83,2.79
2024-06-11,12.4,13.7,14.3,12.9,5.75,3.82,3.65,2.92,6.29
2024-06-12,11.7,13.4,13.3,12.8,8.46,5.85,7.27,3.15,3.67
2024-06-13,10.3,13.8,12.0,13.0,7.55,9.16,6.53,3.38,2.58
2024-06-14,10.8,13.8,13.3,14.4,6.33,7.87,4.24,2.54,2.54
2024-06-15,12.6,14.7,15.0,15.1,7.46,10.9,6.64,3.54,3.21
2024-06-16,14.8,16.8,16.8,16.1,5.26,8.38,2.44,4.12,4.46
2024-06-17,14.1,17.1,16.3,16.6,3.61,5.22,3.88,2.46,3.04
2024-06-18,13.3,17.4,14.9,16.7,4.33,10.18,4.69,2.42,2.67
2024-06-19,13.7,15.9,16.0,15.6,7.34,6.06,4.45,4.75,7.83
2024-06-20,14.9,17.9,15.4,16.5,6.37,11.45,6.99,3.62,4.38
2024-06-21,16.3,17.7,16.9,17.3,4.52,3.48,4.18,3.71,3.08
2024-06-22,11.8,16.0,13.4,16.1,8.15,5.76,6.57,3.25,3.62
2024-06-23,14.2,17.6,15.5,16.5,7.15,3.71,5.06,2.38,3.62
2024-06-24,16.5,19.8,17.5,17.3,4.02,3.29,4.07,3.42,2.54
2024-06-25,19.5,21.5,18.9,18.3,3.54,4.51,2.23,2.92,3.04
2024-06-26,20.1,23.2,20.2,20.8,5.38,3.62,2.94,3.29,2.92
2024-06-27,21.9,23.1,23.9,23.1,5.02,3.02,4.56,2.92,5.92
2024-06-28,19.8,23.4,19.0,21.4,5.62,9.05,4.57,2.88,5.21
2024-06-29,15.6,18.5,15.9,18.5,5.69,11.42,6.33,3.58,3.79
2024-06-30,12.0,15.5,15.3,15.6,8.01,3.45,5.42,4.38,2.04
2024-07-01,14.1,18.1,16.3,17.2,5.48,7.16,6.6,2.54,3.58
2024-07-02,13.8,18.4,16.9,15.4,8.31,4.51,4.73,3.0,5.38
2024-07-03,14.8,17.4,16.4,15.8,8.86,6.38,6.38,2.75,3.46
2024-07-04,11.5,15.8,13.7,14.7,10.0,12.14,6.92,4.67,5.04
2024-07-05,11.1,14.4,13.8,14.1,11.23,11.73,8.85,5.71,4.67
2024-07-06,12.3,15.0,15.1,18.8,,9.22,7.08,3.79,2.79
2024-07-07,14.2,17.4,15.3,17.0,,16.93,8.88,4.79,3.62
2024-07-08,13.5,16.1,14.8,17.3,4.15,6.76,4.21,2.88,3.08
2024-07-09,15.6,17.7,16.7,17.0,5.96,4.69,3.24,2.08,3.42
2024-07-10,19.1,17.9,19.8,21.2,5.66,8.38,6.85,3.5,3.79
2024-07-11,17.1,19.4,18.7,17.6,3.01,3.01,2.73,1.96,2.54
2024-07-12,17.3,22.3,19.1,18.7,5.26,3.27,2.82,2.21,4.04
2024-07-13,16.2,18.5,18.2,16.6,6.19,5.32,7.35,3.21,2.25
2024-07-14,16.1,18.0,17.3,17.8,6.7,5.72,6.56,4.96,3.79
2024-07-15,14.5,18.6,16.9,18.9,4.63,6.96,3.34,2.75,3.96
2024-07-16,14.9,19.9,18.7,17.3,3.57,4.02,3.37,2.71,3.58
2024-07-17,16.6,19.2,17.6,18.5,6.2,4.77,6.29,3.67,2.88
2024-07-18,16.6,18.7,17.5,17.5,6.6,6.33,6.12,2.08,6.38
2024-07-19,17.9,20.6,18.9,19.4,3.27,4.66,4.7,4.71,6.04
2024-07-20,18.7,21.0,20.4,20.6,2.02,3.09,2.64,3.12,2.17
2024-07-21,19.6,19.5,23.3,20.7,6.51,4.3,3.51,2.88,5.58
2024-07-22,18.3,20.0,19.0,18.6,7.17,6.06,3.68,2.5,5.29
2024-07-23,17.0,20.7,18.4,18.5,4.94,5.54,3.83,2.88,4.62
2024-07-24,16.5,20.8,19.4,18.7,6.73,4.22,3.22,2.67,5.08
2024-07-25,17.1,20.1,18.1,18.2,5.28,5.1,3.27,3.29,2.62
2024-07-26,15.6,20.4,17.8,17.6,6.16,10.69,3.53,3.29,4.62
2024-07-27,17.1,19.2,17.7,18.8,4.75,11.1,4.98,2.0,3.29
2024-07-28,16.0,18.2,19.2,18.6,9.31,7.16,5.98,4.75,6.71
2024-07-29,17.3,18.7,18.6,19.0,7.23,3.6,7.23,5.29,4.96
2024-07-30,17.5,20.2,19.4,18.5,2.63,8.7,3.82,2.38,2.0
2024-07-31,17.3,19.4,18.5,18.4,5.43,8.41,4.79,3.58,6.62
2024-08-01,16.3,18.6,17.6,17.6,3.77,3.05,4.05,5.08,6.42
2024-08-02,16.1,18.1,18.5,17.9,3.21,2.9,3.0,3.91,3.92
2024-08-03,16.1,19.6,18.6,18.4,3.36,4.44,2.86,2.27,1.96
2024-08-04,16.5,18.4,18.4,19.0,5.41,4.02,3.06,2.58,1.88
2024-08-05,18.4,19.2,18.2,18.7,6.33,3.48,2.5,2.0,2.04
2024-08-06,18.8,20.1,19.0,,3.03,2.73,2.85,2.17,4.21
2024-08-07,18.9,21.5,21.2,,4.63,6.67,2.96,2.38,5.67
2024-08-08,16.4,21.0,18.6,,5.53,8.05,4.75,4.67,4.83
2024-08-09,13.8,18.0,17.5,,9.32,13.1,6.46,4.17,5.17
2024-08-10,16.0,18.8,18.0,,10.2,15.45,10.22,2.54,3.5
2024-08-11,15.8,18.7,17.6,,10.13,11.87,8.1,4.0,7.62
2024-08-12,15.8,17.3,17.6,,4.56,4.12,4.88,6.33,7.96
2024-08-13,15.4,19.6,19.7,,6.17,3.5,2.74,2.75,4.08
2024-08-14,19.7,20.5,22.4,,7.45,5.55,3.45,2.67,5.33
2024-08-15,18.9,21.0,18.6,,4.71,8.8,5.22,3.67,5.42
2024-08-16,17.2,20.7,18.3,,4.95,8.92,4.9,3.33,4.96
2024-08-17,13.1,18.0,16.5,,4.04,10.26,4.27,2.92,3.25
2024-08-18,14.1,17.3,15.6,,3.36,9.7,2.91,3.38,4.17
2024-08-19,15.0,18.8,17.1,17.6,3.82,8.47,3.74,2.25,2.79
2024-08-20,13.5,17.9,18.2,17.2,5.72,11.19,3.37,3.0,5.5
2024-08-21,14.6,17.9,16.8,18.4,8.63,9.38,4.74,3.71,5.17
2024-08-22,12.1,17.1,16.2,16.3,8.25,11.82,6.02,3.33,4.92
2024-08-23,15.2,17.2,17.4,19.1,8.41,12.54,8.0,6.62,6.04
2024-08-24,15.9,18.2,17.0,19.0,6.15,9.74,7.48,3.79,5.96
2024-08-25,14.9,18.7,16.8,18.2,7.35,12.58,7.34,3.54,4.0
2024-08-26,14.3,16.6,17.0,17.5,5.7,12.8,6.17,3.75,4.58
2024-08-27,15.8,17.7,17.7,18.1,3.8,7.77,4.73,2.17,3.25
2024-08-28,17.7,19.5,20.4,20.5,6.8,6.99,3.24,1.96,3.25
2024-08-29,18.1,19.0,21.9,23.6,5.15,8.35,5.54,4.17,5.46
2024-08-30,15.7,18.1,17.5,17.8,4.99,10.75,3.75,2.62,4.04
2024-08-31,13.7,15.8,16.9,15.9,4.79,5.96,4.79,6.29,6.33
2024-09-01,12.5,13.2,16.2,15.8,2.65,2.53,3.38,5.33,4.42
2024-09-02,12.6,13.8,15.8,16.0,5.73,4.85,2.81,3.17,4.0
2024-09-03,17.9,16.6,20.8,21.2,8.19,7.35,5.37,3.5,5.46
2024-09-04,22.7,19.3,21.6,23.9,7.21,5.0,5.42,1.88,4.21
2024-09-05,20.3,21.6,23.3,22.5,7.3,6.15,5.84,1.48,1.96
2024-09-06,17.4,19.1,22.0,21.8,7.7,5.34,4.81,2.5,2.5
2024-09-07,17.4,19.8,21.7,22.2,7.48,5.78,5.07,1.83,2.12
2024-09-08,18.6,21.0,23.5,23.5,7.11,5.05,6.24,2.5,4.29
2024-09-09,18.4,20.4,19.0,18.8,6.92,5.25,10.22,4.42,6.54
2024-09-10,13.3,16.8,15.7,16.1,11.3,13.28,7.73,6.42,4.17
2024-09-11,9.7,13.3,14.1,11.9,6.98,11.9,8.53,4.08,5.92
2024-09-12,9.5,12.7,13.4,12.1,6.77,9.73,2.38,3.92,5.62
2024-09-13,9.0,14.6,12.1,12.1,8.15,5.23,4.06,2.21,2.17
2024-09-14,8.5,13.6,11.4,12.4,8.18,4.33,6.36,3.67,2.12
2024-09-15,7.9,12.2,12.3,12.7,6.16,5.5,5.3,3.12,4.58
2024-09-16,7.2,12.9,14.0,12.3,4.47,4.41,3.95,2.12,2.58
2024-09-17,10.5,15.6,14.3,15.8,2.58,1.45,3.51,1.75,2.0
2024-09-18,11.7,14.4,15.8,15.0,2.53,2.46,3.47,1.92,2.92
2024-09-19,10.9,15.4,16.3,14.7,3.61,2.4,3.48,1.25,1.21
2024-09-20,12.5,16.4,16.9,17.0,4.93,1.07,2.22,1.67,3.12
2024-09-21,12.4,13.4,15.9,14.3,,2.32,3.23,2.75,3.21
2024-09-22,12.4,12.2,15.4,15.8,,2.46,2.88,2.38,2.08
2024-09-23,13.8,14.7,16.3,16.3,,5.53,3.68,2.38,2.54
2024-09-24,14.2,15.3,15.7,15.8,5.86,5.36,4.13,2.26,1.87
2024-09-25,12.6,15.8,14.6,14.5,10.11,13.32,9.54,3.14,3.04
2024-09-26,10.0,12.9,12.3,13.4,9.54,6.81,6.88,3.12,5.29
2024-09-27,9.4,10.4,10.3,13.9,11.67,5.97,9.85,4.88,3.71
2024-09-28,5.3,8.3,9.6,11.9,11.9,7.98,7.27,2.04,4.29
2024-09-29,5.3,7.2,8.9,10.2,7.52,6.94,5.54,2.5,7.21
2024-09-30,7.6,8.8,11.5,8.8,8.06,5.58,3.69,2.29,4.25
2024-10-01,8.3,8.5,10.7,10.8,10.33,8.22,6.25,1.67,1.83
2024-10-02,7.1,8.9,9.0,8.4,5.52,4.1,5.77,1.62,2.33
2024-10-03,4.6,8.4,9.1,9.0,5.57,2.28,6.17,1.67,4.46
2024-10-04,4.4,9.3,9.3,7.3,3.21,3.74,3.64,1.92,3.08
2024-10-05,7.0,9.4,11.8,7.4,1.8,7.91,2.99,1.25,2.54
2024-10-06,7.1,10.7,10.0,6.9,5.02,7.62,2.52,1.75,1.83
2024-10-07,7.7,9.8,10.7,10.3,8.12,8.96,4.06,2.5,3.79
2024-10-08,10.6,11.4,12.6,13.1,5.43,8.32,6.07,3.21,5.88
2024-10-09,12.0,12.2,14.4,13.9,4.54,5.44,6.23,5.21,5.21
2024-10-10,10.4,13.3,12.4,12.6,10.35,5.72,9.15,2.54,5.12
2024-10-11,6.1,7.8,9.9,10.3,11.25,10.25,9.12,3.67,5.46
2024-10-12,7.3,8.3,10.0,10.3,9.52,10.73,6.32,2.83,4.33
2024-10-13,7.7,10.3,9.5,11.0,8.79,7.35,8.55,1.71,4.38
2024-10-14,7.8,9.6,7.3,10.0,8.9,3.93,3.45,2.62,4.71
2024-10-15,3.6,4.9,6.6,8.0,5.33,3.16,4.53,2.25,2.96
2024-10-16,4.7,6.6,7.6,8.3,9.82,7.27,4.44,1.25,3.21
2024-10-17,9.7,10.7,11.5,11.4,9.36,7.25,9.4,3.38,7.83
2024-10-18,11.1,11.2,12.3,12.8,4.95,6.29,6.77,2.17,3.21
2024-10-19,10.8,11.5,12.9,12.1,5.67,5.67,8.24,2.43,4.96
2024-10-20,12.6,12.2,13.7,14.4,6.1,11.8,6.38,4.38,5.04
2024-10-21,12.4,13.6,14.0,14.1,7.95,14.5,8.47,4.62,6.5
2024-10-22,10.5,11.1,12.8,12.0,7.13,12.65,5.1,1.42,4.08
2024-10-23,8.8,10.6,12.3,11.4,7.73,14.23,8.62,1.96,6.58
2024-10-24,10.1,11.9,11.6,9.4,5.09,9.58,6.94,1.1,3.62
2024-10-25,7.5,8.7,9.8,10.8,4.38,6.75,4.59,1.25,2.08
2024-10-26,10.4,9.3,11.4,11.1,2.98,5.08,3.43,1.38,5.08
2024-10-27,9.0,10.6,11.6,11.1,7.4,14.01,7.11,3.54,5.33
2024-10-28,7.8,8.1,11.0,10.2,6.25,8.31,7.84,1.83,6.62
2024-10-29,8.7,6.8,11.2,12.2,3.93,8.13,4.12,1.17,5.17
2024-10-30,8.9,9.7,11.5,11.4,10.23,12.6,7.76,3.46,7.42
2024-10-31,9.6,8.7,12.2,11.5,10.53,16.67,8.77,1.62,2.58
2024-11-01,9.5,8.9,11.4,12.1,12.8,16.12,12.44,4.92,9.29
2024-11-02,1.6,3.5,4.9,2.8,4.6,7.48,9.9,5.71,7.54
2024-11-03,8.5,7.2,11.6,9.4,10.45,11.8,8.79,2.58,5.29
2024-11-04,3.5,4.8,8.4,9.8,3.65,5.42,3.91,1.21,4.5
2024-11-05,6.8,7.7,9.1,9.6,2.28,4.43,4.56,3.21,5.58
2024-11-06,5.9,6.0,8.5,8.6,2.15,6.84,4.58,1.5,4.29
2024-11-07,4.0,5.8,8.9,8.9,3.5,3.07,4.02,1.62,3.46
2024-11-08,0.8,6.6,6.7,9.0,5.38,4.98,2.16,1.12,2.0
2024-11-09,4.1,5.8,6.7,7.0,6.35,5.52,2.32,1.12,2.75
2024-11-10,3.3,5.1,6.6,6.0,5.13,5.05,4.12,2.08,4.5
2024-11-11,3.6,5.3,6.7,7.9,4.5,2.66,3.31,1.33,2.29
2024-11-12,1.8,3.7,4.3,6.4,4.03,2.5,3.08,1.83,4.08
2024-11-13,3.7,4.7,7.5,7.1,4.6,6.23,4.81,1.75,6.83
2024-11-14,3.7,5.3,5.2,6.6,7.15,4.6,5.92,4.05,9.33
2024-11-15,6.3,6.6,8.3,8.5,7.75,10.22,6.52,1.17,5.5
2024-11-16,6.7,8.8,9.0,9.3,11.5,18.1,10.73,2.46,6.38
2024-11-17,4.2,6.0,8.2,7.0,11.65,11.72,11.58,2.21,6.83
2024-11-18,-1.6,2.4,2.9,5.6,11.38,4.45,6.14,1.75,2.75
2024-11-19,-2.7,0.3,0.7,1.8,5.9,4.59,2.52,2.68,2.88
2024-11-20,-1.4,0.1,-0.5,1.2,6.92,8.59,9.29,6.83,3.5
2024-11-21,-4.0,-3.7,-3.5,0.5,5.85,7.32,8.68,10.42,5.79
2024-11-22,-9.1,-5.7,-5.6,-2.2,6.58,7.63,6.33,4.29,4.21
2024-11-23,-3.2,-2.4,0.4,3.0,10.86,9.01,8.18,1.79,5.46
2024-11-24,3.5,1.9,6.6,7.8,10.24,13.66,9.11,3.62,5.62
2024-11-25,9.9,9.6,12.0,12.0,9.75,11.23,9.45,1.38,4.96
2024-11-26,6.5,7.5,8.8,8.1,9.71,13.8,7.1,1.92,2.83
2024-11-27,4.6,5.0,6.7,6.5,8.84,5.5,5.94,3.58,1.5
2024-11-28,1.0,1.2,3.2,5.3,9.6,5.88,4.78,3.21,2.12
2024-11-29,0.3,0.5,3.6,3.3,5.78,8.85,5.3,1.33,3.21
2024-11-30,3.3,5.2,6.4,4.8,8.83,11.05,9.67,0.96,3.12
2024-12-01,3.2,7.0,6.8,2.6,6.63,11.12,7.91,1.33,6.83
2024-12-02,3.6,5.1,7.9,6.0,8.23,9.98,8.27,3.08,4.08
2024-12-03,-0.8,-0.9,1.9,6.2,5.6,10.31,6.16,2.79,5.29
2024-12-04,-3.7,-3.7,-1.5,2.3,5.57,9.07,7.65,1.75,4.88
2024-12-05,-6.2,-0.7,1.1,2.2,7.36,11.86,3.92,1.73,7.42
2024-12-06,1.8,2.8,4.1,3.6,8.6,8.55,9.41,2.69,6.92
2024-12-07,1.6,2.0,4.0,4.9,6.97,10.33,7.73,1.43,5.67
2024-12-08,1.8,1.4,4.0,5.5,6.49,9.3,5.53,1.33,4.12
2024-12-09,-0.3,1.0,1.1,4.4,5.95,6.91,7.2,2.17,3.5
2024-12-10,-4.1,-1.1,-1.6,2.3,3.4,3.9,3.56,3.42,6.79
2024-12-11,-1.9,0.3,0.5,1.2,4.06,3.43,4.74,3.04,7.38
2024-12-12,-7.1,-2.3,-1.0,-1.3,2.42,3.48,5.16,2.29,3.58
2024-12-13,-1.8,-0.7,2.4,1.1,5.5,11.28,7.67,1.08,3.62
2024-12-14,0.3,2.4,4.2,2.9,10.9,12.75,10.72,3.29,4.21
2024-12-15,0.8,-0.7,4.0,6.2,10.71,10.98,10.0,3.54,4.88
2024-12-16,5.6,5.0,8.4,9.1,11.52,16.42,11.85,3.92,9.71
2024-12-17,2.7,2.7,7.3,8.1,8.81,8.85,8.57,3.7,5.46
2024-12-18,4.1,2.4,7.8,7.3,9.45,12.15,7.17,4.12,6.33
2024-12-19,4.6,6.1,7.0,8.0,10.16,13.06,9.14,1.62,2.67
2024-12-20,-0.1,1.4,4.9,5.2,12.45,11.8,9.53,2.58,4.04
2024-12-21,3.5,1.5,6.5,6.1,11.84,12.36,9.77,2.62,4.46
2024-12-22,3.5,3.8,6.2,5.7,8.62,11.17,6.55,1.96,2.54
2024-12-23,2.3,2.5,4.5,4.4,6.17,7.91,2.35,2.58,1.38
2024-12-24,0.0,1.1,3.2,3.6,4.38,8.12,4.16,1.54,4.67
2024-12-25,5.2,6.5,7.9,6.2,7.22,12.37,8.27,1.21,4.0
2024-12-26,6.6,8.2,8.1,6.9,4.53,11.75,5.05,0.88,5.21
2024-12-27,4.4,6.4,6.9,5.6,3.19,5.85,2.38,1.54,3.54
2024-12-28,2.4,5.3,5.8,3.7,4.43,10.0,4.33,1.21,2.75
2024-12-29,4.6,6.4,7.4,5.4,9.49,15.3,8.66,1.21,6.12
2024-12-30,2.4,2.9,5.0,7.4,12.11,7.15,6.73,2.46,7.08
2024-12-31,-0.7,-2.2,3.3,5.5,10.64,7.47,6.6,1.29,4.58
2025-01-01,3.6,-0.8,5.0,7.2,15.58,7.0,13.47,2.46,2.62
2025-01-02,-4.0,-5.6,-0.8,1.6,11.45,9.43,6.75,1.67,5.92
2025-01-03,-5.3,-7.9,-1.6,0.8,13.86,11.28,9.33,2.65,4.65
2025-01-04,-5.3,-5.9,-2.2,-2.0,8.77,6.52,9.7,1.38,5.38
2025-01-05,-5.8,-7.2,-0.5,-0.2,8.25,6.46,4.33,1.33,2.33
2025-01-06,-1.0,-1.4,1.2,4.4,11.45,14.62,8.77,2.29,1.62
2025-01-07,1.6,3.0,5.2,5.1,14.65,18.56,9.62,6.21,4.83
2025-01-08,0.5,2.2,4.0,4.3,14.66,4.33,10.38,3.58,2.62
2025-01-09,-0.2,0.0,1.7,3.0,4.79,3.26,5.31,3.83,1.83
2025-01-10,-2.8,-0.8,-0.9,1.0,9.11,10.06,8.73,3.71,0.88
2025-01-11,-3.4,-1.2,-1.9,0.4,14.05,11.16,10.8,4.08,1.0
2025-01-12,-6.4,-2.8,-4.1,-2.6,8.07,4.82,8.39,1.21,2.25
2025-01-13,-2.0,0.1,2.0,-2.1,8.24,14.35,8.55,1.38,6.08
2025-01-14,4.2,4.8,6.2,4.6,9.39,11.59,8.8,2.08,4.96
2025-01-15,0.9,2.1,3.1,2.6,4.58,6.27,4.64,1.0,3.71
2025-01-16,4.5,5.8,6.0,4.6,7.22,11.38,7.43,1.58,4.54
2025-01-17,3.4,5.6,5.4,3.8,6.98,13.97,7.64,2.79,7.5
2025-01-18,5.2,4.2,6.3,4.2,4.8,10.2,5.3,3.5,6.08
2025-01-19,0.9,3.6,2.5,0.4,2.62,8.18,5.05,1.5,4.42
2025-01-20,-2.3,0.7,0.5,1.3,7.98,5.61,4.18,3.88,5.96
2025-01-21,-0.4,2.6,2.7,2.5,8.21,4.3,5.99,4.67,4.75
2025-01-22,0.8,2.5,4.0,1.9,7.42,4.36,6.24,2.04,1.54
2025-01-23,0.3,2.5,2.1,3.3,9.42,8.2,9.58,2.33,2.38
2025-01-24,1.8,3.1,4.8,4.5,9.84,12.95,8.48,4.0,4.5
2025-01-25,2.3,4.8,5.4,5.0,6.31,15.03,7.15,4.62,6.92
2025-01-26,1.1,3.2,3.6,2.6,3.19,8.41,3.53,1.08,5.29
2025-01-27,0.2,0.1,4.3,4.1,6.88,9.89,5.15,2.25,5.12
2025-01-28,3.8,3.0,6.1,5.1,4.58,7.27,3.3,1.88,1.79
2025-01-29,2.2,3.8,4.6,5.3,4.46,4.14,5.65,4.29,1.42
2025-01-30,3.2,1.6,4.7,5.5,7.99,2.12,6.6,3.12,4.67
2025-01-31,0.4,1.6,1.8,2.9,7.07,3.3,5.96,1.58,5.12
2025-02-01,-3.7,-0.5,-1.3,1.3,3.47,2.79,7.22,3.46,2.92
2025-02-02,-4.1,-2.1,-0.1,0.1,3.74,6.25,5.63,3.71,0.62
2025-02-03,-1.9,-1.7,2.1,2.1,5.09,5.76,4.47,2.08,5.92
2025-02-04,0.2,0.0,3.7,2.1,6.15,9.42,5.04,3.33,6.46
2025-02-05,2.7,4.0,6.1,4.4,7.07,10.88,6.7,3.42,4.88
2025-02-06,-1.4,2.0,2.0,2.0,4.44,3.12,4.3,1.12,3.29
2025-02-07,-1.2,0.7,0.2,2.1,6.6,4.49,6.1,0.92,0.67
2025-02-08,-1.0,0.9,1.0,1.4,9.57,7.93,8.95,1.29,4.54
2025-02-09,-0.6,0.1,1.6,1.9,5.07,5.51,4.17,1.12,2.96
2025-02-10,-1.1,-1.1,0.4,1.3,8.85,5.93,5.88,1.25,3.38
2025-02-11,-1.0,-1.8,-0.1,0.7,10.62,6.65,4.77,0.96,2.67
2025-02-12,-3.1,-1.7,-1.6,-0.1,8.32,5.6,4.13,2.0,1.88
2025-02-13,-3.5,-1.9,-1.3,-0.6,5.43,7.6,4.31,2.67,1.17
2025-02-14,-6.7,-3.2,-3.0,-2.6,4.54,2.98,5.06,2.38,1.12
2025-02-15,-6.6,-5.5,-2.5,-1.4,5.03,6.88,4.58,4.21,3.67
2025-02-16,-9.0,-6.7,-5.5,-6.4,5.0,5.38,6.57,2.75,4.79
2025-02-17,-5.7,-2.9,-2.4,-2.6,8.25,4.41,6.25,1.5,3.42
2025-02-18,-3.6,-3.2,-2.2,0.8,6.6,2.06,4.87,3.08,3.17
2025-02-19,-3.4,-2.5,-1.8,-2.4,2.79,3.12,3.29,1.83,1.75
2025-02-20,-4.9,-1.5,0.1,0.2,9.01,11.89,6.3,2.33,4.58
2025-02-21,0.3,1.3,2.8,2.5,5.94,12.61,9.11,3.29,6.58
2025-02-22,2.8,3.3,6.9,4.3,6.0,13.15,6.74,4.08,5.88
2025-02-23,3.9,4.4,4.1,5.0,4.11,8.64,4.33,2.17,3.83
2025-02-24,4.1,2.8,6.7,6.3,6.91,12.51,5.61,4.42,6.96
2025-02-25,4.8,4.8,5.3,6.2,3.29,6.61,5.42,2.54,4.25
2025-02-26,2.4,4.3,4.0,4.9,3.01,6.6,2.35,1.21,3.21
2025-02-27,0.7,3.0,1.9,4.6,2.02,3.94,1.87,1.0,1.71
2025-02-28,-0.7,1.3,0.6,4.9,2.82,2.07,2.74,1.21,3.25
2025-03-01,0.8,-0.4,2.0,2.0,6.3,6.71,3.86,1.04,3.12
2025-03-02,4.7,4.2,6.4,6.4,8.51,11.75,6.86,2.12,4.96
2025-03-03,5.3,6.2,7.0,7.1,8.62,13.18,8.14,2.46,5.88
2025-03-04,5.9,7.4,6.8,7.2,8.9,16.17,9.58,4.04,5.29
2025-03-05,6.0,8.3,7.3,7.2,10.33,17.33,10.48,1.5,5.38
2025-03-06,7.6,10.1,7.8,6.8,6.54,14.13,9.08,3.38,6.92
2025-03-07,7.1,8.8,7.6,6.4,3.38,7.16,4.32,1.83,4.79
2025-03-08,6.9,8.7,6.6,7.7,1.87,2.49,3.3,3.5,6.92
2025-03-09,4.2,6.6,7.0,6.8,5.53,1.4,3.77,1.29,2.67
2025-03-10,0.9,2.8,6.6,5.1,3.55,5.63,5.21,3.25,2.17
2025-03-11,0.3,0.8,3.0,3.1,4.68,7.29,5.99,2.67,2.12
2025-03-12,-0.7,0.0,1.2,4.1,4.62,8.9,3.24,2.54,3.38
2025-03-13,-0.9,-1.4,0.9,3.2,4.18,6.38,4.29,2.79,1.58
2025-03-14,-4.0,0.0,0.0,1.7,4.15,2.81,4.04,2.62,4.25
2025-03-15,-0.9,2.4,1.7,1.4,3.46,8.21,6.61,3.5,7.0
2025-03-16,1.9,0.9,5.1,4.7,7.23,9.12,6.5,5.58,6.25
2025-03-17,-1.5,0.8,1.5,1.8,5.48,6.73,6.8,1.79,6.42
2025-03-18,4.0,7.0,3.8,5.0,6.85,4.35,6.0,4.38,8.42
2025-03-19,4.9,7.0,5.9,4.8,4.84,4.12,5.21,2.58,4.08
2025-03-20,4.2,5.3,4.7,5.9,3.43,5.46,4.85,1.33,3.25
2025-03-21,2.4,4.0,6.5,4.7,7.24,5.15,5.6,2.33,4.08
2025-03-22,4.1,1.9,7.5,5.9,12.1,8.28,6.95,3.12,6.62
2025-03-23,4.9,3.8,8.2,7.0,10.76,10.25,8.15,2.83,5.17
2025-03-24,3.7,4.5,5.6,7.2,4.58,5.49,4.04,2.88,6.0
2025-03-25,5.1,6.2,6.3,5.9,5.99,7.19,6.9,2.5,3.62
2025-03-26,4.6,5.9,7.9,7.7,4.93,4.35,3.6,1.83,3.0
2025-03-27,5.1,6.3,7.3,7.2,6.09,10.49,5.6,1.25,2.71
2025-03-28,9.0,10.9,9.0,8.6,5.67,10.6,6.07,2.88,5.38
2025-03-29,6.4,8.8,7.5,6.2,3.56,9.42,3.2,2.83,3.29
2025-03-30,3.1,6.7,5.7,6.4,6.27,8.19,2.89,2.08,2.17
2025-03-31,5.8,6.5,6.5,7.0,5.63,5.65,4.58,2.21,3.46
2025-04-01,4.9,9.2,7.5,8.3,3.85,2.5,2.95,2.26,2.52
2025-04-02,7.6,13.0,9.8,9.2,2.32,1.94,3.52,2.62,3.29
2025-04-03,9.4,13.5,9.7,10.8,2.28,4.37,4.73,4.83,7.5
2025-04-04,4.9,7.3,8.5,9.2,4.3,6.95,4.36,7.33,6.96
2025-04-05,2.4,1.9,6.1,5.5,5.56,6.95,8.1,3.29,4.5
2025-04-06,3.7,4.6,4.8,4.7,4.53,4.95,4.18,5.12,6.21
2025-04-07,5.1,7.5,7.6,8.5,5.0,4.54,3.81,3.33,3.67
2025-04-08,5.0,6.8,7.9,8.9,3.65,3.02,4.44,3.04,4.46
2025-04-09,6.0,5.2,8.5,7.0,4.8,5.11,5.78,7.71,7.88
2025-04-10,4.3,3.9,6.6,7.1,6.16,8.61,6.54,3.21,7.38
2025-04-11,9.6,4.9,11.0,10.6,6.66,6.97,5.51,4.38,3.21
2025-04-12,10.9,8.4,10.2,10.5,4.3,7.81,5.32,4.04,6.54
2025-04-13,9.9,8.6,10.9,10.3,6.69,7.1,5.35,3.54,3.62
2025-04-14,10.0,11.5,9.6,9.0,3.75,9.48,4.5,2.25,4.12
2025-04-15,9.4,10.9,13.2,11.5,8.79,6.49,6.02,3.5,4.42
2025-04-16,11.4,11.4,15.0,14.9,5.31,5.97,4.48,2.08,4.38
2025-04-17,13.6,9.8,14.8,13.1,5.9,3.18,5.25,2.38,4.58
2025-04-18,12.1,10.6,10.5,11.1,6.96,4.3,2.54,1.5,3.46
2025-04-19,9.0,8.9,11.9,8.9,5.77,8.65,4.07,3.83,3.04
2025-04-20,5.3,7.4,8.1,9.1,4.36,7.36,2.98,3.38,2.17
2025-04-21,4.2,6.6,7.3,10.7,2.2,5.47,3.34,3.67,4.42
2025-04-22,8.1,6.6,10.2,9.7,3.12,3.0,3.44,1.58,3.71
2025-04-23,8.7,7.3,10.6,11.4,3.2,3.04,3.26,3.62,4.42
2025-04-24,8.0,6.0,11.3,9.4,5.32,5.63,4.34,3.42,3.92
2025-04-25,5.5,5.0,9.3,8.2,3.14,5.97,3.8,4.0,4.46
2025-04-26,5.6,5.9,8.9,9.1,4.45,3.0,4.26,3.71,2.12
2025-04-27,8.5,10.3,10.7,9.5,5.39,7.1,6.2,2.33,1.62
2025-04-28,11.0,13.2,12.2,12.1,4.3,12.27,7.9,2.33,3.54
2025-04-29,12.8,12.5,12.7,14.3,6.01,6.37,4.33,4.5,5.33
2025-04-30,12.1,10.0,13.5,14.5,5.16,6.04,4.94,1.88,4.21
2025-05-01,10.9,9.0,12.6,13.5,4.04,7.06,5.03,3.58,3.46
2025-05-02,11.9,12.0,11.9,14.3,6.24,12.04,6.51,2.04,4.5
2025-05-03,9.3,11.4,11.0,10.7,7.18,6.02,5.28,4.79,6.5
2025-05-04,5.6,5.9,8.4,8.9,7.27,8.63,6.3,6.08,6.08
2025-05-05,6.3,7.6,8.1,7.7,5.28,6.98,5.86,3.67,5.92
2025-05-06,7.3,7.2,10.8,11.8,8.0,7.16,6.17,3.0,5.5
2025-05-07,6.6,6.3,10.5,9.9,3.72,3.52,3.52,2.83,3.54
2025-05-08,7.2,7.6,11.7,9.2,3.5,3.25,2.8,3.21,2.62
2025-05-09,9.5,4.9,11.1,12.3,5.09,3.19,4.23,2.75,2.96
2025-05-10,8.9,7.3,13.0,10.4,5.97,4.19,3.1,1.67,4.0
2025-05-11,9.3,10.0,12.1,9.4,4.83,5.06,3.12,3.04,4.12
2025-05-12,13.7,12.2,12.9,9.6,3.23,6.59,3.31,2.88,2.62
2025-05-13,14.1,13.2,15.1,14.9,5.51,6.84,2.58,4.46,6.04
2025-05-14,9.9,7.8,12.3,13.9,7.07,9.9,5.49,7.38,7.88
2025-05-15,10.8,10.1,12.2,11.7,10.67,9.91,7.05,7.71,5.58
2025-05-16,11.3,12.7,14.3,14.3,6.94,8.01,7.93,5.67,5.46
2025-05-17,8.3,8.9,14.2,13.0,5.47,6.52,6.72,4.33,4.75
2025-05-18,10.5,10.4,15.3,10.2,7.03,5.85,7.26,4.0,3.54
2025-05-19,13.8,15.1,15.9,15.3,5.44,5.35,5.28,4.75,6.21
2025-05-20,17.1,15.0,15.0,16.7,5.55,3.33,5.91,5.25,6.75
2025-05-21,8.8,7.5,11.3,13.7,8.89,6.63,6.28,3.92,3.67
2025-05-22,4.1,6.5,6.7,8.3,11.39,9.86,6.28,6.12,4.71
2025-05-23,5.3,8.1,8.0,8.4,7.95,6.63,7.92,3.75,3.83
2025-05-24,7.8,10.7,10.3,10.4,6.15,7.75,5.37,6.5,7.75
2025-05-25,8.9,11.0,11.8,12.1,7.52,9.91,5.92,4.33,6.25
2025-05-26,12.3,14.5,12.5,14.3,6.08,11.97,4.94,4.54,4.04
2025-05-27,10.4,13.5,12.5,13.3,7.01,13.31,5.65,4.67,4.92
2025-05-28,12.3,13.2,13.3,13.5,5.16,6.38,3.6,4.04,3.75
2025-05-29,12.3,16.4,13.4,13.7,6.38,8.02,4.58,2.21,2.25
2025-05-30,12.7,14.0,13.3,16.3,8.13,12.59,6.22,2.83,6.12
2025-05-31,13.5,14.6,13.9,16.0,4.18,4.6,4.16,5.83,6.5
2025-06-01,12.2,15.2,14.4,15.8,5.35,9.2,4.38,3.79,3.88
2025-06-02,12.7,16.2,13.7,15.2,6.51,12.22,5.47,2.75,4.04
2025-06-03,12.1,15.9,14.1,14.5,5.04,11.03,4.74,4.05,4.23
2025-06-04,14.5,15.5,14.2,17.3,5.22,8.38,5.25,3.29,6.25
2025-06-05,12.3,15.6,14.2,14.6,4.8,9.65,4.67,2.54,4.04
2025-06-06,12.4,14.1,13.7,15.2,8.88,7.89,6.45,3.38,3.71
2025-06-07,12.4,14.3,13.2,14.3,5.36,11.16,7.0,3.88,5.33
2025-06-08,10.3,14.6,13.4,13.3,6.25,5.81,3.17,3.58,3.46
2025-06-09,11.4,15.3,13.9,13.5,10.33,10.72,6.31,2.92,4.83
2025-06-10,9.7,14.6,12.8,12.8,6.65,6.45,5.32,3.46,2.29
2025-06-11,13.3,12.5,14.3,15.2,9.04,6.27,4.4,3.71,3.92
2025-06-12,12.4,13.5,15.6,16.4,3.69,3.16,6.77,4.25,3.62
2025-06-13,14.8,15.9,17.0,15.1,5.77,4.13,4.3,4.17,4.33
2025-06-14,18.0,18.8,19.1,16.0,9.08,3.3,2.64,2.08,2.0
2025-06-15,18.9,21.5,17.9,19.3,6.05,5.54,3.35,2.29,2.42
2025-06-16,16.2,19.7,16.0,17.7,7.92,11.8,4.55,1.92,5.71
2025-06-17,17.0,18.6,17.0,18.2,7.62,11.64,6.15,2.79,2.96
2025-06-18,16.4,17.0,16.4,19.0,8.25,10.16,5.71,4.67,5.83
2025-06-19,14.4,14.9,16.5,16.2,11.4,9.29,7.16,5.38,5.33
2025-06-20,15.5,16.8,16.1,17.7,5.27,5.91,5.06,3.46,4.04
2025-06-21,16.4,17.5,16.8,19.1,5.46,7.36,5.18,3.58,6.42
2025-06-22,16.1,15.9,19.3,19.4,6.46,9.2,5.05,4.67,4.17
2025-06-23,13.9,14.2,16.3,15.9,8.29,10.0,8.73,4.83,4.96
2025-06-24,13.2,13.3,15.3,15.0,11.1,14.08,10.32,2.54,2.88
2025-06-25,15.3,16.0,16.8,17.1,8.53,7.39,5.75,2.83,6.08
2025-06-26,15.9,19.7,16.8,16.2,4.55,8.05,4.12,3.83,3.75
2025-06-27,15.0,17.1,16.5,18.2,8.38,10.25,5.07,2.21,4.71
2025-06-28,15.7,16.6,16.8,18.9,7.3,11.94,6.08,3.29,3.12
2025-06-29,15.4,17.0,16.3,19.5,10.12,13.87,8.35,3.67,5.29
2025-06-30,17.6,18.3,17.4,17.4,6.91,6.45,6.38,5.54,4.88
2025-07-01,19.5,22.0,20.0,18.8,2.95,7.01,3.93,3.92,4.38
2025-07-02,21.3,21.5,22.2,23.6,4.83,3.77,4.42,1.88,1.38
2025-07-03,17.3,17.4,17.1,18.5,9.75,7.71,5.78,3.33,5.29
2025-07-04,13.1,16.6,15.1,17.2,6.73,10.41,5.26,4.38,3.88
2025-07-05,13.3,14.1,15.4,16.5,7.5,10.46,7.62,3.5,4.96
2025-07-06,16.0,17.2,17.1,18.9,5.83,8.73,6.8,2.71,3.96
2025-07-07,13.0,16.0,15.9,17.4,4.16,3.36,2.56,3.75,2.67
2025-07-08,11.7,15.3,14.6,17.4,5.55,5.07,3.98,3.21,4.58
2025-07-09,16.5,18.4,17.7,17.5,4.2,4.25,3.97,3.12,2.17
2025-07-10,17.5,19.5,18.2,19.6,5.31,3.67,5.27,2.67,2.96
2025-07-11,15.8,16.8,20.5,17.2,7.49,4.5,7.2,3.46,1.5
2025-07-12,16.3,18.4,21.3,17.6,7.04,7.29,5.69,4.0,2.29
2025-07-13,18.0,19.2,20.5,18.8,5.96,5.82,5.45,3.79,2.25
2025-07-14,18.0,18.6,21.6,19.2,2.87,4.27,5.39,3.25,3.0
2025-07-15,17.4,20.1,20.3,18.3,4.73,2.83,3.24,2.75,2.0
2025-07-16,16.0,23.0,20.1,17.0,7.45,3.88,2.45,3.42,1.96
2025-07-17,20.1,22.6,23.8,20.9,3.87,3.98,3.63,3.29,1.83
2025-07-18,20.6,22.3,23.9,19.9,3.05,2.75,2.83,2.92,1.67
2025-07-19,22.1,22.9,24.3,22.3,2.5,1.85,3.62,2.5,1.88
2025-07-20,21.8,23.0,24.0,22.7,4.53,3.28,3.03,2.5,2.79
2025-07-21,19.8,23.0,22.7,20.2,6.98,5.09,3.36,3.17,3.79
2025-07-22,21.0,22.2,23.9,19.7,6.48,7.57,5.45,3.08,2.62
2025-07-23,19.2,22.4,22.2,19.2,5.15,5.62,3.38,2.83,1.79
2025-07-24,20.5,23.2,22.7,21.0,4.01,3.24,2.34,3.08,2.12
2025-07-25,20.2,22.8,21.6,21.4,4.78,5.13,3.89,2.79,3.21
2025-07-26,18.9,21.8,20.4,20.3,5.41,8.85,4.56,1.88,2.46
2025-07-27,17.4,22.6,19.8,20.1,4.07,7.86,3.66,3.79,3.38
2025-07-28,17.8,22.0,19.7,19.2,8.53,3.64,3.85,2.83,3.12
2025-07-29,18.6,20.0,19.5,19.0,10.23,5.37,7.98,4.42,3.42
2025-07-30,17.2,20.2,19.2,17.7,8.63,4.86,4.24,4.88,3.29
2025-07-31,16.9,18.4,18.6,17.4,5.45,2.9,4.22,2.71,2.21
2025-08-01,17.4,16.6,19.1,16.9,3.24,2.09,3.36,2.38,2.54
2025-08-02,16.7,19.0,18.1,18.8,4.88,5.13,5.3,3.5,2.83
2025-08-03,17.4,20.1,17.9,17.1,8.56,4.81,3.17,4.17,4.83
2025-08-04,16.5,19.3,18.3,17.9,6.88,8.42,5.54,3.21,5.71
2025-08-05,14.3,17.9,15.1,17.7,10.7,19.04,8.71,6.83,6.96
2025-08-06,14.6,16.7,16.8,16.8,10.61,15.33,10.0,3.0,5.08
2025-08-07,14.8,17.9,16.5,17.3,6.82,10.67,8.18,2.75,3.29
2025-08-08,16.7,18.9,18.3,20.1,4.64,10.22,3.66,3.04,5.17
2025-08-09,14.8,18.0,17.7,18.1,5.46,11.1,4.57,2.08,3.5
2025-08-10,15.5,18.6,17.3,18.1,7.72,10.73,5.1,2.92,4.67
2025-08-11,14.9,18.3,16.6,16.9,4.6,9.95,5.58,2.96,3.33
2025-08-12,17.6,18.4,17.5,18.8,3.16,5.0,4.69,3.5,3.58
2025-08-13,17.8,20.6,20.6,21.1,5.48,3.65,2.82,2.79,1.29
2025-08-14,19.6,22.3,22.4,22.3,6.53,3.16,3.13,2.75,2.19
2025-08-15,19.9,21.6,20.3,24.1,5.71,7.42,5.69,2.92,8.73
2025-08-16,15.5,15.6,17.2,19.0,8.61,5.12,5.62,7.17,10.42
2025-08-17,14.8,15.0,17.7,16.6,6.09,5.83,6.35,6.79,6.08
2025-08-18,17.3,18.7,18.6,18.1,3.77,5.65,4.15,3.25,5.21
2025-08-19,15.2,15.6,17.2,18.4,6.18,7.93,5.51,5.54,7.0
2025-08-20,11.3,14.1,14.8,17.0,5.48,6.95,4.83,3.54,5.79
2025-08-21,10.6,13.7,14.7,15.6,7.4,7.33,3.03,3.33,5.54
2025-08-22,8.8,10.6,14.5,15.2,11.1,8.51,5.93,3.21,3.42
2025-08-23,10.7,12.1,13.2,13.4,7.78,8.69,8.67,4.08,7.5
2025-08-24,13.2,13.6,15.1,15.4,8.86,6.81,6.71,4.12,9.42
2025-08-25,12.2,12.8,15.1,15.2,6.61,5.47,6.4,3.92,4.58
2025-08-26,11.8,13.6,14.5,15.4,4.78,5.51,4.12,3.12,2.58
2025-08-27,13.5,13.6,17.3,17.8,5.1,5.86,3.88,2.75,2.75
2025-08-28,16.0,16.3,19.0,17.7,3.82,4.53,3.96,2.38,2.33
2025-08-29,15.5,15.1,18.4,19.2,3.43,4.61,4.64,2.21,4.29
2025-08-30,16.1,15.9,18.0,17.7,4.01,2.73,2.43,2.38,3.62
2025-08-31,16.3,14.6,19.4,18.6,4.36,5.59,2.36,2.25,3.88
2025-09-01,17.4,15.6,21.5,20.9,6.62,7.88,3.44,3.38,4.46
2025-09-02,16.1,17.7,18.7,18.2,3.5,3.14,4.75,4.38,5.62
2025-09-03,16.6,18.1,19.1,18.6,6.08,8.77,4.88,3.08,4.33
2025-09-04,18.8,19.1,20.4,20.7,5.3,8.59,5.12,3.96,5.83
2025-09-05,15.1,20.1,17.2,17.8,5.7,4.5,4.03,1.83,3.33
2025-09-06,14.9,18.0,17.2,16.1,4.72,2.39,4.12,1.67,2.0
2025-09-07,13.2,18.4,15.6,15.2,2.88,2.75,2.19,1.54,1.71
2025-09-08,13.9,17.8,17.7,16.9,4.51,4.51,2.57,1.79,3.12
2025-09-09,15.8,18.6,19.0,19.1,5.41,5.03,4.27,1.62,3.83
2025-09-10,16.5,17.8,19.8,19.5,7.26,10.09,6.27,1.75,5.5
2025-09-11,15.6,17.4,17.8,17.5,5.4,8.59,8.86,7.21,8.25
2025-09-12,13.6,17.3,15.4,15.4,8.4,9.21,6.1,4.67,5.25
2025-09-13,13.4,15.7,16.0,15.3,8.08,9.75,5.0,2.33,4.62
2025-09-14,13.2,15.8,13.8,15.0,6.26,7.88,3.69,2.96,4.29
2025-09-15,11.9,14.4,13.7,15.8,10.61,9.47,7.85,3.21,3.38
2025-09-16,12.7,14.9,15.5,15.9,13.59,10.68,10.65,2.74,2.17
2025-09-17,13.4,14.4,15.9,16.0,10.82,8.43,9.42,1.38,4.21
2025-09-18,13.4,14.1,15.9,17.3,8.88,12.56,7.61,2.21,3.21
2025-09-19,15.5,15.6,16.7,18.2,6.85,12.83,7.4,2.04,3.33
2025-09-20,17.9,17.7,19.1,18.4,4.72,9.17,5.97,1.54,3.33
2025-09-21,14.2,16.9,16.6,17.0,8.47,11.37,6.88,2.38,4.96
2025-09-22,9.2,12.2,12.7,12.6,10.35,9.63,7.95,5.21,9.21
2025-09-23,5.4,9.3,9.5,12.0,5.44,5.0,4.78,4.54,6.46
2025-09-24,5.8,10.4,9.9,9.6,3.25,3.74,4.45,3.38,5.21
2025-09-25,6.8,12.2,11.0,10.3,5.18,2.07,2.22,2.08,3.54
2025-09-26,7.4,12.9,11.8,11.8,9.88,3.77,1.97,1.96,1.58
2025-09-27,8.4,12.0,13.2,12.6,9.6,5.25,2.45,2.38,1.83
2025-09-28,9.9,11.8,11.9,12.2,5.03,4.72,5.13,1.88,4.21
2025-09-29,8.5,11.4,13.0,11.2,6.51,6.75,5.7,2.42,5.5
2025-09-30,5.4,9.8,9.9,9.8,4.65,5.49,5.12,1.78,4.79
2025-10-01,4.0,9.6,10.3,9.8,2.3,6.22,3.94,2.12,4.96
2025-10-02,6.4,10.5,10.8,9.6,3.59,7.14,3.27,3.46,6.25
2025-10-03,6.3,10.1,10.6,9.3,6.82,13.12,4.48,5.25,7.29
2025-10-04,7.3,10.5,9.4,9.9,14.42,16.25,12.36,9.54,10.58
2025-10-05,9.7,11.1,12.2,12.5,13.59,8.82,7.64,5.75,3.67
2025-10-06,9.4,11.5,12.4,13.0,8.02,3.59,2.75,1.46,2.62
2025-10-07,9.8,11.5,13.5,12.7,4.55,8.95,4.25,2.25,3.42
2025-10-08,10.5,13.0,14.0,12.6,4.84,9.44,6.16,1.46,2.71
2025-10-09,9.8,10.3,13.1,11.7,7.95,13.11,6.17,1.75,4.71
2025-10-10,10.8,9.5,13.9,13.3,11.86,12.71,7.48,2.5,7.88
2025-10-11,12.1,11.7,14.3,13.2,11.34,11.73,6.38,4.62,8.42
2025-10-12,7.0,8.9,11.3,13.0,6.69,6.35,8.07,4.96,6.62
2025-10-13,5.3,6.3,8.6,7.7,4.26,3.56,7.06,2.46,2.29
2025-10-14,8.6,7.2,11.1,11.8,4.13,3.0,4.05,1.17,2.67
2025-10-15,9.3,10.2,11.3,11.4,6.41,4.17,3.93,2.33,6.9
2025-10-16,8.9,8.6,9.9,12.4,8.13,6.88,4.16,4.21,7.14
2025-10-17,2.1,4.4,4.9,8.7,6.66,5.65,3.93,2.92,4.88
2025-10-18,1.2,4.3,5.5,4.1,4.9,7.3,5.34,1.48,5.0
2025-10-19,3.2,6.2,7.6,4.3,6.34,7.86,4.67,1.17,2.88
2025-10-20,4.0,7.7,8.0,9.5,10.44,7.83,8.0,1.58,3.92
2025-10-21,7.9,10.1,10.7,11.4,9.19,9.24,10.53,3.46,5.12
2025-10-22,10.5,11.0,12.3,12.2,6.59,7.89,6.17,5.88,5.29
2025-10-23,9.1,11.3,10.9,11.7,8.44,9.0,4.54,2.17,2.96
2025-10-24,9.9,10.5,11.4,10.9,12.62,8.85,6.94,2.88,3.08
2025-10-25,7.4,9.6,9.8,9.7,11.9,11.26,6.15,3.25,4.46
2025-10-26,6.6,8.3,9.0,7.6,9.62,6.85,7.02,2.67,2.29
2025-10-27,5.7,7.5,8.0,9.0,9.76,3.63,3.55,1.38,1.54
2025-10-28,4.8,7.0,8.9,8.8,8.93,3.77,5.19,1.25,2.88
2025-10-29,5.7,5.7,9.4,10.5,9.93,4.11,5.33,1.04,2.46
2025-10-30,7.5,8.9,8.3,9.5,10.34,6.49,7.22,2.29,2.46
2025-10-31,3.1,6.5,4.2,7.9,5.78,5.63,7.71,3.33,2.46
2025-11-01,7.1,7.9,9.6,9.7,7.17,10.7,6.47,3.17,6.17
2025-11-02,8.9,9.9,10.9,10.2,6.35,5.91,4.85,3.08,3.83
2025-11-03,7.0,8.7,9.8,9.1,7.83,9.32,4.59,1.46,4.29
2025-11-04,11.1,10.7,12.4,11.5,8.12,11.94,8.0,2.96,4.5
2025-11-05,9.8,11.7,11.6,11.5,6.06,8.19,7.05,1.0,3.17
2025-11-06,9.3,11.7,12.0,10.0,4.94,6.73,3.57,1.33,2.04
2025-11-07,5.6,10.2,8.8,7.0,5.08,5.44,4.05,1.58,1.75
2025-11-08,6.0,6.6,9.0,8.1,2.8,3.93,2.3,1.58,2.79
2025-11-09,4.6,5.9,7.8,7.6,2.33,4.16,2.9,1.38,2.79
2025-11-10,6.3,5.8,9.1,7.0,1.6,3.31,1.84,1.25,2.67
2025-11-11,6.0,6.5,8.1,8.1,5.38,7.02,3.05,1.17,2.54
2025-11-12,8.2,8.6,10.8,10.0,8.76,12.33,7.73,3.54,5.38
2025-11-13,7.3,7.0,8.1,11.1,9.72,9.7,10.84,2.62,7.58
2025-11-14,-0.1,1.8,1.8,6.1,4.1,5.77,5.6,2.54,6.04
2025-11-15,-2.8,0.8,0.8,-0.3,4.56,7.21,5.39,2.54,7.5
2025-11-16,0.9,2.1,5.3,2.5,5.55,8.58,6.83,2.12,6.54
2025-11-17,-0.8,-0.8,0.5,2.0,8.71,6.49,5.22,2.88,2.04
2025-11-18,-2.2,-1.9,0.9,4.3,9.27,2.1,4.46,2.71,1.12
2025-11-19,-2.6,-2.1,-0.7,0.6,2.96,5.1,2.54,2.75,0.75
2025-11-20,-2.6,-1.7,-1.9,0.0,9.15,8.47,6.21,4.58,0.75
2025-11-21,-5.7,-2.4,-3.5,-1.9,8.19,5.49,6.68,3.25,1.67
2025-11-22,1.2,1.0,5.3,2.1,9.85,11.98,8.38,1.25,4.21
2025-11-23,0.4,3.3,4.5,2.8,10.41,12.25,7.61,1.62,1.92
2025-11-24,-1.7,1.2,0.5,1.1,7.2,7.35,5.55,2.42,2.0
2025-11-25,-1.3,-1.1,-0.2,2.2,3.79,4.88,4.16,1.79,2.33
2025-11-26,-1.2,-1.4,-1.2,1.8,2.91,6.72,3.67,1.33,3.79
2025-11-27,1.0,1.1,5.1,3.9,10.26,13.39,7.42,2.17,5.0
2025-11-28,6.8,6.9,9.1,7.2,9.44,12.79,10.3,1.75,4.67
2025-11-29,6.3,7.4,8.4,7.4,7.35,11.5,7.73,2.67,6.04
2025-11-30,5.5,6.3,7.5,7.2,9.7,10.9,7.88,1.67,3.21
2025-12-01,4.5,5.9,7.0,5.6,10.6,11.02,8.55,1.42,2.67
2025-12-02,3.9,5.8,5.9,4.6,8.97,13.86,8.59,3.42,6.29
2025-12-03,2.8,4.8,5.0,4.6,5.34,6.37,6.42,1.58,2.92
2025-12-04,3.3,5.0,5.3,5.3,5.52,7.22,5.41,1.04,0.62
2025-12-05,2.7,5.9,5.1,5.7,5.33,5.98,4.69,1.17,1.46
2025-12-06,3.6,6.4,5.1,4.9,7.28,7.14,5.38,3.08,3.5
2025-12-07,3.6,5.9,5.6,6.5,5.65,7.34,4.11,2.33,2.71
2025-12-08,6.5,7.0,8.4,8.8,9.12,8.55,9.31,1.71,3.96
2025-12-09,6.7,6.2,8.5,8.6,5.83,4.68,7.56,1.42,1.88
2025-12-10,8.4,7.0,9.7,9.4,7.69,12.29,6.99,1.21,3.13
2025-12-11,7.7,7.2,9.6,9.1,8.68,13.27,8.63,1.58,2.71
2025-12-12,6.7,2.7,8.7,8.2,5.26,6.61,3.84,3.0,4.96
2025-12-13,4.4,3.7,7.1,6.4,7.0,8.31,5.38,4.46,4.04
2025-12-14,6.4,6.2,8.3,6.3,10.36,13.2,8.5,1.88,4.29
2025-12-15,5.9,8.1,8.1,6.4,7.86,12.5,8.62,1.25,4.29
2025-12-16,5.1,6.8,7.3,5.1,5.12,10.11,5.83,0.92,1.62
2025-12-17,3.1,6.1,7.0,5.8,4.48,8.04,4.92,1.54,2.12
2025-12-18,4.9,4.7,7.3,7.3,7.27,11.6,6.45,3.21,5.83
2025-12-19,7.1,7.5,8.6,8.2,7.35,12.7,7.65,2.75,5.25
2025-12-20,6.4,6.6,8.4,6.7,5.9,10.63,7.2,2.17,5.83
2025-12-21,1.5,3.6,5.7,5.0,3.85,2.31,5.73,3.38,4.62
2025-12-22,0.3,0.4,0.4,5.0,7.97,4.86,2.07,2.79,1.67
2025-12-23,-0.8,-1.2,1.0,2.4,5.31,5.95,5.04,2.29,1.33
2025-12-24,-3.7,-2.2,0.1,-1.4,4.11,2.8,4.21,1.75,3.46
2025-12-25,-0.9,0.9,1.1,-3.9,3.53,3.06,7.59,5.5,9.29
2025-12-26,0.0,3.6,3.5,3.4,6.33,2.87,5.84,4.88,6.0
2025-12-27,1.6,3.0,3.9,4.6,9.0,6.56,11.52,9.83,12.5
2025-12-28,-0.3,1.3,1.5,3.3,9.88,5.33,9.33,5.46,9.17
2025-12-29,-1.0,-1.2,-0.3,2.8,8.74,9.92,11.64,6.5,6.96
2025-12-30,-3.3,-2.9,-0.8,-0.6,10.55,10.81,12.7,4.17,4.75
2025-12-31,-5.0,-4.6,-0.7,0.3,6.8,7.45,2.61,2.5,4.12
2026-01-01,0.0,-0.2,2.5,3.2,13.1,10.08,8.85,8.0,5.62
2026-01-02,-1.8,-1.2,-2.8,1.4,12.73,13.38,7.43,6.62,4.46
2026-01-03,-6.5,-2.2,-5.9,-1.4,11.51,10.9,5.04,7.5,3.29
2026-01-04,-5.5,-4.9,-4.4,-1.5,9.86,9.36,7.18,4.88,1.33
2026-01-05,-6.2,-5.9,-4.6,-4.8,3.95,6.57,4.76,1.96,0.71
2026-01-06,-6.9,-0.5,-7.1,-3.9,4.37,3.75,5.43,3.92,0.46
2026-01-07,-5.3,-4.6,-2.0,-0.8,9.92,7.81,5.48,5.21,1.29
2026-01-08,-3.4,-0.4,-1.6,-2.7,9.26,6.67,6.67,7.54,6.83
2026-01-09,-4.3,-3.7,-3.9,-2.1,11.25,8.7,8.36,4.08,4.83
2026-01-10,-7.4,-5.9,-7.3,-4.6,8.23,7.34,8.82,2.79,3.62
2026-01-11,-13.0,-4.6,-13.1,-6.5,7.71,3.62,7.92,2.38,0.54
2026-01-12,-9.7,-4.3,-7.4,-5.4,6.94,11.1,3.09,2.79,4.12
2026-01-13,-2.4,-0.8,-0.1,1.1,5.98,9.11,5.28,1.04,7.0
2026-01-14,0.8,0.5,3.5,3.6,7.33,8.45,10.15,7.33,7.08
2026-01-15,1.2,1.6,3.1,1.8,6.75,9.0,5.59,3.29,3.71
2026-01-16,2.5,2.8,5.4,3.9,6.7,11.28,9.94,4.42,5.21
2026-01-17,1.9,3.5,3.9,1.9,7.18,5.27,5.53,1.42,2.92
2026-01-18,0.1,2.2,2.0,2.5,8.64,4.9,5.67,0.92,2.08
2026-01-19,-3.1,0.8,-0.8,1.0,7.76,4.77,5.16,1.58,3.04
2026-01-20,-3.9,-0.9,-1.4,-2.0,4.11,4.77,2.91,1.67,1.67
2026-01-21,-2.7,-0.1,-0.9,-1.7,4.15,8.66,4.73,2.5,2.92
2026-01-22,-1.5,-1.5,0.9,-0.5,8.43,11.44,9.2,2.17,3.54
2026-01-23,-2.9,-2.9,-0.4,-0.8,12.67,10.37,7.8,2.92,4.25
2026-01-24,-4.3,-2.4,-2.0,0.2,9.09,8.48,8.17,1.54,4.54
2026-01-25,-5.3,-3.4,-2.5,0.4,9.49,7.23,4.6,0.96,1.58
2026-01-26,-5.3,-4.3,-3.2,-0.6,5.34,8.66,6.23,2.25,1.04
2026-01-27,-4.1,-4.2,-2.4,-0.8,5.07,8.28,8.6,1.83,0.17
2026-01-28,-4.0,-5.1,-2.3,-1.2,6.13,7.93,8.61,1.71,1.12
2026-01-29,-4.8,-4.6,-3.1,-1.4,9.37,8.45,6.92,0.83,1.29
2026-01-30,-4.8,-3.6,-2.4,-1.1,12.61,10.31,10.33,1.58,6.04
2026-01-31,-4.8,-3.0,-2.1,-2.7,14.4,10.55,8.21,1.79,6.83
2026-02-01,-6.0,-5.1,-4.0,-4.4,13.64,9.48,6.92,2.29,6.46
2026-02-02,-7.4,-6.0,-5.1,-5.2,13.9,7.52,6.18,1.71,5.46
2026-02-03,-5.4,-8.2,-4.0,-2.3,14.21,10.67,6.81,2.5,3.83
2026-02-04,-5.7,-5.1,-3.5,-2.4,12.43,11.8,8.64,2.17,1.17
2026-02-05,-4.6,-4.7,-3.0,-1.2,11.83,9.92,7.56,1.71,0.79
2026-02-06,-5.1,-7.4,-3.5,0.7,11.3,11.36,6.92,2.58,1.33
2026-02-07,-3.6,-4.5,-1.4,0.3,7.69,7.74,6.95,1.88,0.62
2026-02-08,-5.0,-5.9,-3.5,-0.7,6.89,7.69,6.89,1.46,1.33
2026-02-09,-9.1,-8.4,-4.9,-1.3,6.4,3.98,3.98,0.88,1.71
2026-02-10,-6.1,-7.9,-2.7,-0.6,5.65,3.68,1.64,1.75,2.5
2026-02-11,-3.5,-4.8,-2.5,0.6,5.79,6.46,4.49,3.71,1.12
2026-02-12,-5.4,-6.3,-3.8,-0.2,7.04,8.15,7.37,2.75,2.62
2026-02-13,-7.0,-6.7,-5.8,-1.7,5.16,7.1,7.85,1.71,1.5
2026-02-14,-11.1,-10.1,-6.6,-4.8,3.53,3.1,5.17,1.29,1.88
2026-02-15,-11.9,-8.2,-6.8,-6.0,5.34,10.61,3.22,1.0,4.08
2026-02-16,-6.6,-4.5,-3.3,-3.1,12.16,9.76,7.78,2.12,6.46
2026-02-17,-6.0,-3.0,-3.3,-3.7,6.84,4.42,7.08,1.62,5.83
2026-02-18,-9.5,-5.5,-6.4,-4.8,5.14,2.02,3.26,0.75,1.25
2026-02-19,-9.6,-7.1,-7.2,-3.7,3.16,2.25,4.96,1.29,1.58
2026-02-20,-5.1,-3.7,-4.7,-4.1,8.17,10.63,7.68,1.58,4.75
2026-02-21,-0.5,-0.3,1.2,1.8,8.75,5.99,8.85,1.25,3.5
2026-02-22,-2.9,-2.6,-1.4,0.9,4.98,4.05,5.84,1.67,3.29
2026-02-23,0.4,0.3,2.2,3.3,5.61,2.54,3.01,3.04,4.42
2026-02-24,-1.3,-1.3,0.7,1.7,4.25,4.5,3.37,2.83,2.67
2026-02-25,-1.1,-3.3,0.7,1.1,5.51,9.8,4.08,3.48,5.96
2026-02-26,3.6,3.3,4.8,4.9,6.32,10.91,8.66,1.46,2.25
2026-02-27,5.9,7.1,5.7,8.0,5.73,7.7,7.11,1.08,2.17
2026-02-28,4.0,3.4,5.9,7.2,5.11,4.42,3.2,1.42,1.79
2026-03-01,3.1,3.4,4.2,4.7,7.5,6.95,7.42,2.83,1.62
2026-03-02,2.1,2.5,4.8,6.0,4.36,6.94,3.48,2.96,3.96
2026-03-03,4.8,6.0,6.2,6.6,5.23,10.88,5.4,3.04,7.12
2026-03-04,2.9,4.6,4.8,5.3,5.71,8.21,6.84,4.79,10.08
2026-03-05,1.4,5.1,3.8,2.6,2.8,5.52,3.7,2.29,2.75
2026-03-06,3.2,6.6,5.2,5.0,4.61,4.88,3.48,2.29,2.58
2026-03-07,1.1,3.7,3.7,5.2,4.1,2.76,2.7,1.38,2.33
2026-03-08,6.1,5.8,6.7,7.8,5.21,4.83,3.19,1.33,1.5
2026-03-09,4.9,6.7,6.1,7.0,4.89,3.35,3.83,1.83,2.5
2026-03-10,4.3,7.6,4.6,5.8,3.82,5.7,3.32,1.21,3.54
2026-03-11,4.7,5.4,6.2,8.8,5.63,9.03,4.43,2.71,5.17
2026-03-12,5.9,7.3,6.4,6.4,6.87,12.84,6.9,3.92,5.92
2026-03-13,5.7,6.5,6.6,6.5,7.57,14.67,8.17,7.43,9.25
2026-03-14,1.1,4.2,4.6,4.4,3.26,5.67,3.9,2.92,4.75
2026-03-15,1.8,2.4,3.9,4.7,4.37,7.94,4.52,1.42,3.17
2026-03-16,3.2,3.7,4.1,4.3,5.33,10.04,3.8,4.21,6.83
2026-03-17,3.5,3.8,4.9,3.1,4.9,10.2,3.06,3.62,6.62
2026-03-18,5.6,5.9,6.5,5.7,4.32,9.3,4.66,2.79,6.17
2026-03-19,5.9,8.4,6.2,6.0,2.7,2.52,3.64,2.92,5.71
2026-03-20,3.6,6.7,5.3,6.0,3.25,3.67,2.98,1.54,3.29
2026-03-21,5.3,8.2,3.2,4.4,2.25,8.42,3.07,1.21,2.42
2026-03-22,3.2,7.1,4.3,6.2,3.72,8.92,3.99,2.0,4.62
2026-03-23,3.7,6.2,5.3,5.7,2.53,9.25,4.65,2.83,5.67
2026-03-24,4.8,5.5,6.2,7.4,6.77,10.49,6.32,2.75,5.67
2026-03-25,5.2,6.5,5.7,7.1,10.69,9.7,9.47,2.17,3.67
2026-03-26,3.8,5.2,6.9,6.2,9.4,6.92,8.95,2.33,5.08
2026-03-27,4.9,6.8,4.1,4.9,4.78,7.09,5.77,2.29,4.08
2026-03-28,2.7,4.7,6.4,4.4,6.39,7.17,5.83,2.71,3.71
2026-03-29,3.9,5.3,5.6,5.2,5.73,10.77,5.49,2.04,3.46
2026-03-30,3.7,4.5,5.8,5.8,6.77,8.0,5.75,4.58,4.92
2026-03-31,4.3,6.2,8.1,6.8,5.17,6.46,3.35,1.79,2.5
2026-04-01,5.4,8.0,5.0,6.1,3.59,7.86,3.88,1.88,4.75
2026-04-02,6.3,8.4,6.8,6.2,5.14,5.72,4.11,2.92,3.46
2026-04-03,2.5,2.8,4.2,5.1,6.77,4.44,5.05,2.08,2.83
2026-04-04,4.9,3.4,6.4,8.1,8.79,12.08,9.29,1.58,3.92
2026-04-05,3.6,4.9,6.9,8.3,11.21,18.62,9.76,3.0,4.04
2026-04-06,6.2,5.2,7.6,7.8,13.17,12.65,9.7,5.75,5.92
2026-04-07,5.6,4.8,6.9,7.6,7.08,4.38,8.69,4.83,3.04
2026-04-08,2.6,5.6,7.3,6.3,3.28,0.15,6.19,2.75,5.25
2026-04-09,3.6,2.9,8.1,4.1,5.61,1.8,5.08,3.21,6.42
2026-04-10,3.2,4.8,5.2,4.6,7.95,8.1,3.49,2.71,5.25
2026-04-11,2.4,5.2,7.1,5.5,7.97,4.7,3.03,2.46,5.17
2026-04-12,5.7,6.7,7.4,7.1,6.71,5.67,3.92,2.33,5.88
2026-04-13,8.1,7.7,10.3,9.0,8.15,3.54,6.18,2.54,4.92
2026-04-14,7.7,7.8,8.0,8.2,6.65,6.44,6.94,2.67,5.04
2026-04-15,5.0,9.3,7.7,7.5,2.78,5.34,2.5,2.46,3.21
2026-04-16,7.5,9.1,9.0,6.0,3.51,2.16,4.1,2.75,3.67
2026-04-17,7.3,11.2,9.5,9.5,2.77,0.85,4.05,2.17,3.71
2026-04-18,8.5,9.5,10.7,9.1,4.92,1.46,2.22,3.33,6.42
2026-04-19,7.2,6.9,8.6,7.7,3.79,4.41,7.24,2.75,3.92
2026-04-20,5.7,7.6,8.4,7.3,6.86,2.71,6.27,2.88,2.04
2026-04-21,7.3,10.3,10.1,8.0,3.97,4.51,5.07,5.71,6.0
2026-04-22,9.2,9.6,9.8,11.7,6.86,1.49,4.8,7.62,8.54
2026-04-23,10.0,10.7,10.4,11.2,4.1,1.1,5.32,5.79,8.04
2026-04-24,9.1,10.0,11.2,12.1,5.37,4.84,4.93,5.17,7.46
2026-04-25,7.6,6.1,9.3,8.4,11.42,10.3,5.05,6.67,7.17
2026-04-26,4.8,6.2,6.6,8.3,5.3,5.67,7.9,6.58,6.96
2026-04-27,4.0,5.5,7.3,8.5,4.37,0.94,6.08,5.38,5.54
2026-04-28,4.7,5.9,8.8,8.7,4.8,1.37,4.55,3.96,3.42
2026-04-29,8.1,9.7,10.1,9.3,3.38,,4.08,2.29,3.62
2026-04-30,13.7,12.8,9.6,12.2,4.5,5.47,4.8,5.21,4.79
2026-05-01,13.9,16.5,13.6,14.3,3.76,6.92,4.5,2.83,2.38
2026-05-02,16.3,18.1,15.0,16.2,5.16,5.42,6.23,2.54,3.21
2026-05-03,13.2,8.3,11.5,15.1,2.96,1.28,4.56,3.92,3.04
2026-05-04,11.7,9.4,11.3,14.2,5.21,7.72,4.28,2.71,4.62
2026-05-05,8.8,9.1,9.5,11.2,5.4,6.76,4.32,3.46,6.33
2026-05-06,6.5,8.6,8.4,8.1,4.96,3.32,5.69,2.83,3.5
2026-05-07,8.2,9.2,9.9,9.5,3.27,3.88,3.51,2.67,2.42
2026-05-08,9.1,9.8,10.7,9.7,5.46,2.01,6.08,5.0,2.79
2026-05-09,8.8,10.1,11.6,9.8,4.27,2.89,4.28,5.38,5.0
2026-05-10,7.8,10.6,10.0,10.2,3.66,5.46,3.88,2.92,2.12
2026-05-11,4.8,11.5,9.3,7.6,5.47,5.06,5.32,2.92,3.33
2026-05-12,5.1,7.3,9.5,10.4,6.85,6.4,5.67,3.12,2.33
2026-05-13,5.6,6.9,8.4,8.1,4.07,4.3,5.18,4.79,3.21
2026-05-14,6.4,8.8,7.8,9.7,6.09,6.72,5.56,5.67,5.88
2026-05-15,7.9,10.8,10.9,10.6,4.73,9.9,3.6,2.79,4.54
2026-05-16,6.9,11.0,9.6,9.4,7.89,5.93,5.4,2.88,3.79
2026-05-17,8.7,11.5,11.3,11.8,6.11,8.05,4.62,3.83,3.17
2026-05-18,10.0,13.3,13.8,13.1,6.81,5.28,3.65,3.08,2.17
2026-05-19,11.4,11.5,12.5,11.9,4.15,2.28,4.43,2.71,3.67
2026-05-20,13.3,14.2,13.9,12.9,5.04,4.85,3.81,3.08,1.83
2026-05-21,12.5,13.7,13.0,14.6,5.31,5.29,3.78,2.75,3.08
2026-05-22,14.0,16.7,14.7,14.6,3.21,4.96,4.51,1.96,4.21
2026-05-23,16.5,19.4,16.7,18.0,4.78,8.64,5.64,3.5,3.71
2026-05-24,15.1,18.5,15.7,16.6,5.7,9.38,4.75,6.08,5.88
2026-05-25,16.8,16.4,16.6,18.7,5.34,10.16,5.39,4.54,4.08
2026-05-26,14.4,14.4,15.3,18.8,6.12,10.15,6.22,4.17,5.29
2026-05-27,12.5,11.9,14.4,15.1,9.62,7.78,4.86,7.17,8.38
2026-05-28,11.4,13.4,14.0,15.8,5.06,5.35,5.53,6.29,5.71
2026-05-29,15.8,14.9,16.6,15.9,3.9,6.52,3.88,4.33,3.33
2026-05-30,14.2,17.0,15.3,16.8,6.5,5.95,4.37,2.54,2.33
2026-05-31,14.5,17.1,15.2,15.3,3.79,4.46,2.43,2.91,3.23
2026-06-01,14.9,15.7,15.4,16.3,3.64,6.09,3.31,3.08,4.25
2026-06-02,14.2,17.1,16.8,18.3,5.74,4.98,3.46,2.33,2.38
2026-06-03,17.0,18.5,18.4,17.6,5.55,6.8,5.16,2.92,4.83
2026-06-04,15.5,16.5,16.6,16.5,6.09,8.65,5.14,4.29,6.54
2026-06-05,14.9,16.2,16.2,16.7,5.98,7.84,4.83,4.79,5.33
2026-06-06,13.8,17.0,15.1,16.7,4.67,7.01,4.95,1.54,2.79
2026-06-07,13.2,17.9,16.3,16.9,4.9,4.46,3.77,1.96,4.46
2026-06-08,15.9,19.1,16.4,17.0,5.54,5.54,3.18,3.29,2.83
2026-06-09,13.5,16.4,15.1,15.8,8.14,11.16,6.25,3.08,5.25
2026-06-10,11.5,15.0,14.5,14.8,6.71,10.54,6.86,3.73,4.12
2026-06-11,12.2,14.6,14.8,14.9,4.02,7.58,3.07,,2.67
2026-06-12,11.4,16.2,13.1,14.8,5.24,8.06,4.7,,2.75
2026-06-13,12.7,15.6,13.9,14.3,8.11,6.24,4.92,,2.88
2026-06-14,11.9,12.2,13.7,15.0,9.86,6.32,3.38,,4.42
2026-06-15,12.1,13.3,15.0,15.4,11.1,9.21,3.87,,3.75
2026-06-16,14.2,12.4,14.9,14.2,7.64,4.87,6.73,,5.71
2026-06-17,13.6,18.1,14.4,14.4,4.65,7.52,5.4,,4.04
2026-06-18,14.9,17.2,16.9,19.3,4.45,8.77,5.32,1.54,2.42
2026-06-19,19.5,20.1,20.6,21.7,4.04,5.46,4.09,2.25,3.58
2026-06-20,21.2,21.7,20.9,23.1,4.4,9.52,4.07,3.42,4.88
2026-06-21,19.0,21.8,18.1,20.8,5.13,7.42,3.08,2.62,3.17
2026-06-22,16.2,18.0,17.2,18.3,5.3,5.51,4.07,4.12,5.75
2026-06-23,17.1,18.5,16.8,18.9,3.33,5.66,5.16,2.38,1.96
2026-06-24,19.4,19.2,19.9,21.3,3.87,7.21,4.76,1.88,2.08
2026-06-25,21.6,20.2,20.5,21.9,3.63,4.47,2.52,3.88,4.17
2026-06-26,22.3,21.2,21.8,22.9,2.93,6.94,5.15,2.21,2.5
2026-06-27,24.3,23.2,25.6,27.0,4.01,5.24,3.96,3.38,3.62
2026-06-28,23.5,23.3,23.5,24.3,4.38,4.59,3.17,2.38,3.0
2026-06-29,19.5,24.1,20.5,22.3,4.78,11.22,4.85,3.54,4.17
2026-06-30,16.7,20.4,18.3,19.2,2.63,7.0,4.38,3.04,3.12
2026-07-01,17.3,20.6,19.3,20.0,3.18,5.77,3.29,1.55,1.23
2026-07-02,14.4,20.0,17.0,17.7,8.06,10.31,6.03,3.12,3.17
2026-07-03,14.8,16.7,18.5,15.2,15.11,8.38,9.69,3.25,3.88
2026-07-04,16.8,17.5,18.4,17.1,8.77,7.39,6.61,4.83,4.29
2026-07-05,14.0,17.1,18.3,17.5,10.77,7.75,6.1,5.25,4.17
2026-07-06,13.8,14.8,16.1,13.9,7.42,6.54,6.29,6.62,6.21
2026-07-07,9.9,15.0,15.3,15.5,11.81,8.33,6.35,4.08,6.38
2026-07-08,14.5,14.6,18.0,18.1,9.12,5.29,8.19,4.54,6.54
2026-07-09,15.2,17.4,19.3,20.0,5.03,2.63,6.3,3.83,5.38
2026-07-10,15.6,17.7,21.7,20.4,3.56,2.62,4.11,2.54,1.5
2026-07-11,19.0,20.5,23.3,21.1,2.73,2.55,5.41,2.96,3.62
2026-07-12,18.4,19.1,21.1,23.3,4.2,6.37,5.72,3.92,4.29
2026-07-13,19.5,19.5,22.8,20.3,2.83,3.52,4.71,3.58,4.04
2026-07-14,18.8,20.0,22.4,21.1,2.5,2.91,3.3,2.5,4.75
2026-07-15,21.2,24.5,24.0,20.9,3.2,1.95,2.85,2.92,3.62
2026-07-16,23.1,24.0,24.3,21.3,3.36,1.88,3.38,3.58,1.96
2026-07-17,20.8,23.5,23.3,22.2,4.35,2.96,3.19,3.08,3.33
2026-07-18,16.6,18.0,19.1,19.2,8.04,8.24,3.31,4.54,4.67
2026-07-19,12.3,14.4,14.0,17.1,8.32,10.54,5.12,5.12,3.71
2026-07-20,15.5,15.5,18.5,16.4,8.25,7.18,4.45,3.38,1.83
2026-07-21,15.8,17.3,17.9,19.3,5.35,6.35,5.71,2.46,2.33
2026-07-22,15.3,14.0,18.6,16.8,7.13,6.22,3.88,3.83,5.71
2026-07-23,15.0,15.7,17.8,18.1,4.83,6.13,3.73,3.62,3.17
2026-07-24,15.1,18.4,17.9,16.4,5.9,10.61,5.02,1.58,1.46
2026-07-25,14.6,17.4,16.7,18.8,6.39,12.99,7.4,3.38,4.33
2026-07-26,14.8,17.8,16.5,17.2,4.66,12.48,6.41,4.12,3.25
2026-07-27,15.1,17.1,16.4,16.3,11.39,11.88,5.16,2.92,2.54
2026-07-28,15.4,19.1,17.2,18.3,7.99,12.18,7.17,4.09,4.12
2026-07-29,20.2,19.7,21.0,22.2,4.95,7.23,4.67,3.17,3.42
2026-07-30,24.1,22.8,25.0,24.9,5.6,7.33,4.64,3.12,3.21
2026-07-31,17.9,21.3,18.5,19.9,4.69,11.51,3.64,2.33,4.0
2026-08-01,14.7,18.9,17.2,18.5,4.3,10.58,3.17,2.38,2.38
2026-08-02,14.7,18.2,17.2,18.3,4.76,12.47,5.83,1.83,1.96
2026-08-03,15.2,18.4,17.2,19.1,3.19,5.52,3.76,2.46,2.25
2026-08-04,16.5,20.1,19.4,18.0,6.45,3.69,2.21,2.0,2.29
2026-08-05,18.4,20.4,19.6,22.0,5.97,11.0,3.9,2.42,4.25
2026-08-06,16.5,20.7,17.9,19.9,7.98,11.53,6.35,2.62,3.46
2026-08-07,14.8,18.2,17.3,16.6,9.03,6.65,6.95,4.5,6.71
2026-08-08,14.4,18.6,18.2,17.9,5.35,12.28,5.85,2.08,2.12
2026-08-09,16.9,19.6,19.8,19.1,5.14,9.25,5.33,2.35,3.79
2026-08-10,15.8,19.0,17.3,17.9,6.77,12.7,7.51,2.88,3.21
2026-08-11,15.4,15.8,17.4,16.9,9.55,6.27,5.69,5.42,7.17
2026-08-12,14.8,17.2,16.2,16.1,4.18,4.33,4.27,3.62,4.38
2026-08-13,17.5,21.0,18.3,18.1,3.1,7.33,5.66,2.04,1.88
2026-08-14,20.2,21.2,22.4,21.7,4.34,6.05,4.38,1.88,2.29
2026-08-15,18.3,22.7,19.3,22.0,5.49,8.52,5.45,2.25,3.0
2026-08-16,16.4,18.6,18.3,17.5,8.2,6.07,6.48,4.08,5.71
2026-08-17,12.4,17.4,18.0,16.9,6.77,4.0,3.27,4.0,6.5
2026-08-18,13.7,17.1,15.5,16.2,6.9,3.55,2.55,3.3,6.75
2026-08-19,10.4,17.5,13.9,15.9,5.76,4.38,4.57,2.21,5.04
2026-08-20,14.4,16.6,15.6,17.2,5.65,5.19,5.53,2.67,1.29
2026-08-21,14.6,15.8,16.7,17.1,5.14,7.9,5.64,2.54,1.54
2026-08-22,12.7,16.1,17.4,16.0,7.21,6.19,4.88,2.75,3.38
2026-08-23,13.6,17.2,15.5,15.7,7.22,6.47,4.54,4.75,6.42
2026-08-24,13.9,16.8,16.8,18.2,4.4,3.73,3.72,4.38,4.92
2026-08-25,13.0,17.0,17.6,16.4,1.84,3.64,2.53,2.62,2.0
2026-08-26,14.2,17.5,19.3,17.5,5.47,3.26,2.34,3.0,0.96
2026-08-27,15.2,17.7,18.8,17.2,8.55,3.88,4.42,2.54,2.38
2026-08-28,15.7,18.0,17.3,19.1,8.24,10.6,7.91,3.46,5.0
2026-08-29,16.9,16.5,17.7,17.7,5.87,8.9,7.17,6.58,6.25
2026-08-30,15.8,17.4,17.2,17.4,7.56,7.65,6.54,2.12,2.71
2026-08-31,15.5,18.0,17.5,17.0,4.79,7.12,6.0,2.0,4.0
2026-09-01,15.7,17.3,17.3,17.8,5.95,5.67,4.43,2.62,3.79
2026-09-02,15.0,16.7,17.0,17.0,7.71,12.83,7.61,2.54,2.58
2026-09-03,12.1,15.7,15.5,16.7,7.75,6.12,7.01,1.92,4.33
2026-09-04,13.4,13.9,16.0,15.8,8.17,3.77,6.17,2.88,2.08
2026-09-05,12.5,14.3,15.7,16.3,12.69,4.95,7.54,2.17,1.71
2026-09-06,12.8,16.0,15.5,16.6,7.9,8.07,5.62,1.79,3.88
2026-09-07,15.4,15.0,17.3,17.6,5.56,9.96,5.5,2.92,4.62
2026-09-08,15.6,17.3,16.6,17.5,5.06,8.45,5.6,2.0,2.33
2026-09-09,13.1,15.1,14.8,15.9,6.35,7.86,5.0,2.75,3.25
2026-09-10,10.6,12.2,12.6,15.3,8.4,7.55,9.59,4.21,3.79
2026-09-11,11.5,13.4,14.3,14.5,4.3,8.07,5.04,2.58,3.17
2026-09-12,14.4,15.7,16.1,16.3,4.55,8.55,4.41,2.79,4.12
2026-09-13,14.7,15.3,15.6,16.6,4.48,3.97,3.75,3.33,5.92
2026-09-14,13.3,13.9,12.8,13.7,5.1,3.76,2.84,1.96,3.5
2026-09-15,12.8,15.4,15.5,16.2,6.27,10.95,5.16,3.92,4.75
2026-09-16,13.0,15.9,15.7,16.3,6.31,12.28,6.51,3.75,5.25
2026-09-17,12.1,14.6,14.3,14.6,9.1,10.16,8.62,2.04,4.29
2026-09-18,12.5,14.3,14.6,15.3,8.79,13.96,8.56,1.83,3.04
2026-09-19,13.5,14.6,15.8,15.8,9.65,13.51,10.79,2.29,3.54
2026-09-20,11.6,14.4,14.0,15.7,10.95,14.2,9.1,1.79,2.83
2026-09-21,11.8,12.6,15.2,14.7,11.84,7.88,7.7,3.62,5.75
2026-09-22,8.0,12.5,12.4,13.4,3.98,4.51,5.85,2.42,2.79
2026-09-23,10.2,12.8,13.9,13.7,4.05,5.83,3.35,2.21,2.25
2026-09-24,13.4,11.2,15.0,13.9,5.13,2.44,3.59,2.62,4.04
2026-09-25,12.7,11.6,15.1,13.4,6.49,7.62,4.96,2.54,2.25
2026-09-26,12.5,12.8,15.1,14.1,4.9,11.15,6.59,1.58,3.12
2026-09-27,10.2,12.2,14.4,12.6,6.89,8.93,3.38,1.79,3.62
2026-09-28,13.7,14.6,15.8,15.4,4.53,10.25,6.99,3.38,4.5
2026-09-29,12.0,14.2,13.4,16.5,5.34,5.38,2.83,2.25,2.42
2026-09-30,14.9,13.0,17.2,16.1,8.78,9.97,3.95,2.25,5.12
2026-10-01,12.7,15.3,17.3,16.5,8.16,10.13,6.76,2.33,6.08
2026-10-02,12.0,15.1,14.8,15.6,3.67,7.69,5.19,2.62,4.08
2026-10-03,10.9,14.4,14.0,11.8,3.74,9.95,4.58,1.54,3.62
2026-10-04,11.3,13.1,13.8,12.7,6.23,11.66,5.74,2.33,3.62
2026-10-05,13.1,14.7,15.2,14.8,9.11,16.62,9.36,2.42,5.33
2026-10-06,11.2,13.4,14.1,13.3,5.0,13.41,7.95,4.67,10.67
2026-10-07,8.7,10.8,10.4,12.9,5.25,4.34,3.94,2.5,4.96
2026-10-08,,,,,7.78,12.07,5.58,3.0,1.75
